FIPSCode,State,CountyName,PopulationEstimate_2012
1001,AL,Autauga,55514
1003,AL,Baldwin,190790
1005,AL,Barbour,27201
1007,AL,Bibb,22597
1009,AL,Blount,57826
1011,AL,Bullock,10474
1013,AL,Butler,20307
1015,AL,Calhoun,117296
1017,AL,Chambers,34064
1019,AL,Cherokee,26021
1021,AL,Chilton,43819
1023,AL,Choctaw,13633
1025,AL,Clarke,25161
1027,AL,Clay,13435
1029,AL,Cleburne,14832
1031,AL,Coffee,51252
1033,AL,Colbert,54446
1035,AL,Conecuh,12981
1037,AL,Coosa,10966
1039,AL,Covington,37955
1041,AL,Crenshaw,14083
1043,AL,Cullman,80440
1045,AL,Dale,50444
1047,AL,Dallas,42864
1049,AL,DeKalb,71080
1051,AL,Elmore,80629
1053,AL,Escambia,37994
1055,AL,Etowah,104392
1057,AL,Fayette,16983
1059,AL,Franklin,31761
1061,AL,Geneva,26931
1063,AL,Greene,8876
1065,AL,Hale,15388
1067,AL,Henry,17287
1069,AL,Houston,103402
1071,AL,Jackson,53019
1073,AL,Jefferson,660009
1075,AL,Lamar,14259
1077,AL,Lauderdale,92542
1079,AL,Lawrence,33838
1081,AL,Lee,147257
1083,AL,Limestone,87654
1085,AL,Lowndes,10857
1087,AL,Macon,20535
1089,AL,Madison,343080
1091,AL,Marengo,20401
1093,AL,Marion,30327
1095,AL,Marshall,94776
1097,AL,Mobile,413936
1099,AL,Monroe,22602
1101,AL,Montgomery,230149
1103,AL,Morgan,120395
1105,AL,Perry,10181
1107,AL,Pickens,19405
1109,AL,Pike,33182
1111,AL,Randolph,22675
1113,AL,Russell,57820
1115,AL,St. Clair,85237
1117,AL,Shelby,200941
1119,AL,Sumter,13427
1121,AL,Talladega,81762
1123,AL,Tallapoosa,41168
1125,AL,Tuscaloosa,198596
1127,AL,Walker,66221
1129,AL,Washington,17109
1131,AL,Wilcox,11431
1133,AL,Winston,24108
2013,AK,Aleutians East,3161
2016,AK,Aleutians West,5547
2020,AK,Anchorage,298610
2050,AK,Bethel,17746
2060,AK,Bristol Bay,991
2068,AK,Denali,1875
2070,AK,Dillingham,5034
2090,AK,Fairbanks North Star,100272
2100,AK,Haines,2552
2105,AK,Hoonah-Angoon,2129
2110,AK,Juneau,32556
2122,AK,Kenai Peninsula,56900
2130,AK,Ketchikan Gateway,13779
2150,AK,Kodiak Island,14239
2164,AK,Lake and Peninsula,1654
2170,AK,Matanuska-Susitna,93925
2180,AK,Nome,9915
2185,AK,North Slope,9643
2188,AK,Northwest Arctic,7810
2195,AK,Petersburg,3844
2198,AK,Prince of Wales-Hyder,5751
2220,AK,Sitka,9046
2230,AK,Skagway,959
2240,AK,Southeast Fairbanks,7144
2261,AK,Valdez-Cordova,9717
2270,AK,Wade Hampton,7809
2275,AK,Wrangell,2403
2282,AK,Yakutat,668
2290,AK,Yukon-Koyukuk,5770
4001,AZ,Apache,73195
4003,AZ,Cochise,132088
4005,AZ,Coconino,136011
4007,AZ,Gila,53144
4009,AZ,Graham,37416
4011,AZ,Greenlee,8802
4012,AZ,La Paz,20281
4013,AZ,Maricopa,3942169
4015,AZ,Mohave,203334
4017,AZ,Navajo,107094
4019,AZ,Pima,992394
4021,AZ,Pinal,387365
4023,AZ,Santa Cruz,47303
4025,AZ,Yavapai,212637
4027,AZ,Yuma,200022
5001,AR,Arkansas,18892
5003,AR,Ashley,21524
5005,AR,Baxter,41048
5007,AR,Benton,232268
5009,AR,Boone,37327
5011,AR,Bradley,11397
5013,AR,Calhoun,5307
5015,AR,Carroll,27610
5017,AR,Chicot,11433
5019,AR,Clark,22936
5021,AR,Clay,15684
5023,AR,Cleburne,25808
5025,AR,Cleveland,8627
5027,AR,Columbia,24473
5029,AR,Conway,21287
5031,AR,Craighead,99735
5033,AR,Crawford,61946
5035,AR,Crittenden,50021
5037,AR,Cross,17683
5039,AR,Dallas,7987
5041,AR,Desha,12545
5043,AR,Drew,18743
5045,AR,Faulkner,118704
5047,AR,Franklin,18045
5049,AR,Fulton,12318
5051,AR,Garland,96903
5053,AR,Grant,17986
5055,AR,Greene,43163
5057,AR,Hempstead,22373
5059,AR,Hot Spring,33394
5061,AR,Howard,13735
5063,AR,Independence,37025
5065,AR,Izard,13474
5067,AR,Jackson,17600
5069,AR,Jefferson,74723
5071,AR,Johnson,25901
5073,AR,Lafayette,7447
5075,AR,Lawrence,17012
5077,AR,Lee,10216
5079,AR,Lincoln,14101
5081,AR,Little River,12919
5083,AR,Logan,21983
5085,AR,Lonoke,69839
5087,AR,Madison,15645
5089,AR,Marion,16568
5091,AR,Miller,43634
5093,AR,Mississippi,45562
5095,AR,Monroe,7828
5097,AR,Montgomery,9340
5099,AR,Nevada,8925
5101,AR,Newton,8086
5103,AR,Ouachita,25396
5105,AR,Perry,10339
5107,AR,Phillips,20784
5109,AR,Pike,11247
5111,AR,Poinsett,24307
5113,AR,Polk,20471
5115,AR,Pope,62765
5117,AR,Prairie,8458
5119,AR,Pulaski,388953
5121,AR,Randolph,17930
5123,AR,St. Francis,27858
5125,AR,Saline,111845
5127,AR,Scott,11010
5129,AR,Searcy,8007
5131,AR,Sebastian,127304
5133,AR,Sevier,17177
5135,AR,Sharp,17054
5137,AR,Stone,12663
5139,AR,Union,40867
5141,AR,Van Buren,17030
5143,AR,Washington,211411
5145,AR,White,78493
5147,AR,Woodruff,7100
5149,AR,Yell,21932
6001,CA,Alameda,1554720
6003,CA,Alpine,1129
6005,CA,Amador,37035
6007,CA,Butte,221539
6009,CA,Calaveras,44742
6011,CA,Colusa,21411
6013,CA,Contra Costa,1079597
6015,CA,Del Norte,28290
6017,CA,El Dorado,180561
6019,CA,Fresno,947895
6021,CA,Glenn,27992
6023,CA,Humboldt,134827
6025,CA,Imperial,176948
6027,CA,Inyo,18495
6029,CA,Kern,856158
6031,CA,Kings,151364
6033,CA,Lake,63983
6035,CA,Lassen,33658
6037,CA,Los Angeles,9962789
6039,CA,Madera,152218
6041,CA,Marin,256069
6043,CA,Mariposa,17905
6045,CA,Mendocino,87428
6047,CA,Merced,262305
6049,CA,Modoc,9327
6051,CA,Mono,14348
6053,CA,Monterey,426762
6055,CA,Napa,139045
6057,CA,Nevada,98292
6059,CA,Orange,3090132
6061,CA,Placer,361682
6063,CA,Plumas,19399
6065,CA,Riverside,2268783
6067,CA,Sacramento,1450121
6069,CA,San Benito,56884
6071,CA,San Bernardino,2081313
6073,CA,San Diego,3177063
6075,CA,San Francisco,825863
6077,CA,San Joaquin,702612
6079,CA,San Luis Obispo,274804
6081,CA,San Mateo,739311
6083,CA,Santa Barbara,431249
6085,CA,Santa Clara,1837504
6087,CA,Santa Cruz,266776
6089,CA,Shasta,178586
6091,CA,Sierra,3086
6093,CA,Siskiyou,44154
6095,CA,Solano,420757
6097,CA,Sonoma,491829
6099,CA,Stanislaus,521726
6101,CA,Sutter,95022
6103,CA,Tehama,63406
6105,CA,Trinity,13526
6107,CA,Tulare,451977
6109,CA,Tuolumne,54008
6111,CA,Ventura,835981
6113,CA,Yolo,204118
6115,CA,Yuba,72926
8001,CO,Adams,459598
8003,CO,Alamosa,16148
8005,CO,Arapahoe,595546
8007,CO,Archuleta,12070
8009,CO,Baca,3751
8011,CO,Bent,5773
8013,CO,Boulder,305318
8014,CO,Broomfield,58298
8015,CO,Chaffee,18150
8017,CO,Cheyenne,1874
8019,CO,Clear Creek,9026
8021,CO,Conejos,8275
8023,CO,Costilla,3594
8025,CO,Crowley,5365
8027,CO,Custer,4249
8029,CO,Delta,30432
8031,CO,Denver,634265
8033,CO,Dolores,1994
8035,CO,Douglas,298215
8037,CO,Eagle,51874
8039,CO,Elbert,23383
8041,CO,El Paso,644964
8043,CO,Fremont,46788
8045,CO,Garfield,56953
8047,CO,Gilpin,5491
8049,CO,Grand,14195
8051,CO,Gunnison,15475
8053,CO,Hinsdale,810
8055,CO,Huerfano,6596
8057,CO,Jackson,1348
8059,CO,Jefferson,545358
8061,CO,Kiowa,1444
8063,CO,Kit Carson,8094
8065,CO,Lake,7338
8067,CO,La Plata,52401
8069,CO,Larimer,310487
8071,CO,Las Animas,14945
8073,CO,Lincoln,5453
8075,CO,Logan,22631
8077,CO,Mesa,147848
8079,CO,Mineral,709
8081,CO,Moffat,13200
8083,CO,Montezuma,25431
8085,CO,Montrose,40725
8087,CO,Morgan,28472
8089,CO,Otero,18698
8091,CO,Ouray,4530
8093,CO,Park,16029
8095,CO,Phillips,4367
8097,CO,Pitkin,17263
8099,CO,Prowers,12389
8101,CO,Pueblo,160852
8103,CO,Rio Blanco,6857
8105,CO,Rio Grande,11943
8107,CO,Routt,23334
8109,CO,Saguache,6304
8111,CO,San Juan,690
8113,CO,San Miguel,7580
8115,CO,Sedgwick,2383
8117,CO,Summit,28044
8119,CO,Teller,23389
8121,CO,Washington,4766
8123,CO,Weld,263691
8125,CO,Yuma,10119
9001,CT,Fairfield,933835
9003,CT,Hartford,897259
9005,CT,Litchfield,187530
9007,CT,Middlesex,165602
9009,CT,New Haven,862813
9011,CT,New London,274170
9013,CT,Tolland,151539
9015,CT,Windham,117599
10001,DE,Kent,167626
10003,DE,New Castle,546076
10005,DE,Sussex,203390
11001,DC,District of Columbia,632323
12001,FL,Alachua,251417
12003,FL,Baker,27086
12005,FL,Bay,171903
12007,FL,Bradford,27049
12009,FL,Brevard,547307
12011,FL,Broward,1815137
12013,FL,Calhoun,14723
12015,FL,Charlotte,162449
12017,FL,Citrus,139360
12019,FL,Clay,194345
12021,FL,Collier,332427
12023,FL,Columbia,67966
12027,FL,DeSoto,34712
12029,FL,Dixie,16126
12031,FL,Duval,879602
12033,FL,Escambia,302715
12035,FL,Flagler,98359
12037,FL,Franklin,11686
12039,FL,Gadsden,46528
12041,FL,Gilchrist,16815
12043,FL,Glades,13107
12045,FL,Gulf,15718
12047,FL,Hamilton,14708
12049,FL,Hardee,27514
12051,FL,Hendry,37447
12053,FL,Hernando,173422
12055,FL,Highlands,98128
12057,FL,Hillsborough,1277746
12059,FL,Holmes,19804
12061,FL,Indian River,140567
12063,FL,Jackson,48968
12065,FL,Jefferson,14256
12067,FL,Lafayette,8804
12069,FL,Lake,303186
12071,FL,Lee,645293
12073,FL,Leon,283769
12075,FL,Levy,40025
12077,FL,Liberty,8276
12079,FL,Madison,18907
12081,FL,Manatee,333895
12083,FL,Marion,335125
12085,FL,Martin,148817
12086,FL,Miami-Dade,2591035
12087,FL,Monroe,74809
12089,FL,Nassau,74629
12091,FL,Okaloosa,190083
12093,FL,Okeechobee,39467
12095,FL,Orange,1202234
12097,FL,Osceola,287416
12099,FL,Palm Beach,1356545
12101,FL,Pasco,470391
12103,FL,Pinellas,921319
12105,FL,Polk,616158
12107,FL,Putnam,73263
12109,FL,St. Johns,202188
12111,FL,St. Lucie,283866
12113,FL,Santa Rosa,158512
12115,FL,Sarasota,386147
12117,FL,Seminole,430838
12119,FL,Sumter,101620
12121,FL,Suwannee,43656
12123,FL,Taylor,22744
12125,FL,Union,15212
12127,FL,Volusia,496950
12129,FL,Wakulla,30818
12131,FL,Walton,57582
12133,FL,Washington,24892
13001,GA,Appling,18368
13003,GA,Atkinson,8284
13005,GA,Bacon,11198
13007,GA,Baker,3366
13009,GA,Baldwin,46367
13011,GA,Banks,18316
13013,GA,Barrow,70169
13015,GA,Bartow,100661
13017,GA,Ben Hill,17538
13019,GA,Berrien,19041
13021,GA,Bibb,156462
13023,GA,Bleckley,12913
13025,GA,Brantley,18587
13027,GA,Brooks,15403
13029,GA,Bryan,32214
13031,GA,Bulloch,72694
13033,GA,Burke,23125
13035,GA,Butts,23524
13037,GA,Calhoun,6504
13039,GA,Camden,51402
13043,GA,Candler,11117
13045,GA,Carroll,111580
13047,GA,Catoosa,65046
13049,GA,Charlton,13295
13051,GA,Chatham,276434
13053,GA,Chattahoochee,13037
13055,GA,Chattooga,25725
13057,GA,Cherokee,221315
13059,GA,Clarke,120266
13061,GA,Clay,3116
13063,GA,Clayton,265888
13065,GA,Clinch,6718
13067,GA,Cobb,707442
13069,GA,Coffee,43170
13071,GA,Colquitt,46137
13073,GA,Columbia,131627
13075,GA,Cook,16923
13077,GA,Coweta,130929
13079,GA,Crawford,12600
13081,GA,Crisp,23606
13083,GA,Dade,16490
13085,GA,Dawson,22422
13087,GA,Decatur,27509
13089,GA,DeKalb,707089
13091,GA,Dodge,21329
13093,GA,Dooly,14318
13095,GA,Dougherty,94501
13097,GA,Douglas,133971
13099,GA,Early,10594
13101,GA,Echols,3988
13103,GA,Effingham,53293
13105,GA,Elbert,19684
13107,GA,Emanuel,22898
13109,GA,Evans,10689
13111,GA,Fannin,23492
13113,GA,Fayette,107524
13115,GA,Floyd,96177
13117,GA,Forsyth,187928
13119,GA,Franklin,21894
13121,GA,Fulton,977773
13123,GA,Gilmer,28190
13125,GA,Glascock,3142
13127,GA,Glynn,81022
13129,GA,Gordon,55766
13131,GA,Grady,25440
13133,GA,Greene,16092
13135,GA,Gwinnett,842046
13137,GA,Habersham,43520
13139,GA,Hall,185416
13141,GA,Hancock,8996
13143,GA,Haralson,28400
13145,GA,Harris,32550
13147,GA,Hart,25518
13149,GA,Heard,11633
13151,GA,Henry,209053
13153,GA,Houston,146136
13155,GA,Irwin,9600
13157,GA,Jackson,60571
13159,GA,Jasper,13630
13161,GA,Jeff Davis,15156
13163,GA,Jefferson,16432
13165,GA,Jenkins,9213
13167,GA,Johnson,9897
13169,GA,Jones,28577
13171,GA,Lamar,18057
13173,GA,Lanier,10400
13175,GA,Laurens,48041
13177,GA,Lee,28746
13179,GA,Liberty,65471
13181,GA,Lincoln,7737
13183,GA,Long,16048
13185,GA,Lowndes,114552
13187,GA,Lumpkin,30611
13189,GA,McDuffie,21663
13191,GA,McIntosh,13839
13193,GA,Macon,14263
13195,GA,Madison,27922
13197,GA,Marion,8711
13199,GA,Meriwether,21273
13201,GA,Miller,5969
13205,GA,Mitchell,23144
13207,GA,Monroe,26637
13209,GA,Montgomery,8913
13211,GA,Morgan,17881
13213,GA,Murray,39392
13215,GA,Muscogee,198413
13217,GA,Newton,101505
13219,GA,Oconee,33619
13221,GA,Oglethorpe,14618
13223,GA,Paulding,144800
13225,GA,Peach,27622
13227,GA,Pickens,29268
13229,GA,Pierce,18844
13231,GA,Pike,17810
13233,GA,Polk,41188
13235,GA,Pulaski,11720
13237,GA,Putnam,21198
13239,GA,Quitman,2404
13241,GA,Rabun,16297
13243,GA,Randolph,7327
13245,GA,Richmond,202587
13247,GA,Rockdale,85820
13249,GA,Schley,4990
13251,GA,Screven,14202
13253,GA,Seminole,8947
13255,GA,Spalding,63865
13257,GA,Stephens,25891
13259,GA,Stewart,6042
13261,GA,Sumter,31554
13263,GA,Talbot,6517
13265,GA,Taliaferro,1680
13267,GA,Tattnall,25384
13269,GA,Taylor,8420
13271,GA,Telfair,16349
13273,GA,Terrell,9045
13275,GA,Thomas,44724
13277,GA,Tift,41064
13279,GA,Toombs,27315
13281,GA,Towns,10495
13283,GA,Treutlen,6769
13285,GA,Troup,68468
13287,GA,Turner,8410
13289,GA,Twiggs,8447
13291,GA,Union,21451
13293,GA,Upson,26630
13295,GA,Walker,68094
13297,GA,Walton,84575
13299,GA,Ware,35821
13301,GA,Warren,5578
13303,GA,Washington,20879
13305,GA,Wayne,30305
13307,GA,Webster,2793
13309,GA,Wheeler,7888
13311,GA,White,27556
13313,GA,Whitfield,103359
13315,GA,Wilcox,9068
13317,GA,Wilkes,10076
13319,GA,Wilkinson,9577
13321,GA,Worth,21741
15001,HI,Hawaii,189191
15003,HI,Honolulu,976372
15005,HI,Kalawao,90
15007,HI,Kauai,68434
15009,HI,Maui,158226
16001,ID,Ada,409061
16003,ID,Adams,3915
16005,ID,Bannock,83800
16007,ID,Bear Lake,5907
16009,ID,Benewah,9117
16011,ID,Bingham,45474
16013,ID,Blaine,21146
16015,ID,Boise,6835
16017,ID,Bonner,40476
16019,ID,Bonneville,106684
16021,ID,Boundary,10808
16023,ID,Butte,2740
16025,ID,Camas,1077
16027,ID,Canyon,193888
16029,ID,Caribou,6787
16031,ID,Cassia,23249
16033,ID,Clark,869
16035,ID,Clearwater,8590
16037,ID,Custer,4331
16039,ID,Elmore,26223
16041,ID,Franklin,12786
16043,ID,Fremont,12957
16045,ID,Gem,16673
16047,ID,Gooding,15291
16049,ID,Idaho,16308
16051,ID,Jefferson,26684
16053,ID,Jerome,22499
16055,ID,Kootenai,142357
16057,ID,Latah,38184
16059,ID,Lemhi,7758
16061,ID,Lewis,3889
16063,ID,Lincoln,5277
16065,ID,Madison,37456
16067,ID,Minidoka,20037
16069,ID,Nez Perce,39531
16071,ID,Oneida,4215
16073,ID,Owyhee,11439
16075,ID,Payette,22639
16077,ID,Power,7778
16079,ID,Shoshone,12702
16081,ID,Teton,10052
16083,ID,Twin Falls,78595
16085,ID,Valley,9545
16087,ID,Washington,10099
17001,IL,Adams,67197
17003,IL,Alexander,7748
17005,IL,Bond,17644
17007,IL,Boone,53940
17009,IL,Brown,6914
17011,IL,Bureau,34323
17013,IL,Calhoun,5014
17015,IL,Carroll,15011
17017,IL,Cass,13338
17019,IL,Champaign,203276
17021,IL,Christian,34638
17023,IL,Clark,16209
17025,IL,Clay,13766
17027,IL,Clinton,38061
17029,IL,Coles,53655
17031,IL,Cook,5231351
17033,IL,Crawford,19600
17035,IL,Cumberland,10968
17037,IL,DeKalb,104704
17039,IL,De Witt,16434
17041,IL,Douglas,19853
17043,IL,DuPage,927987
17045,IL,Edgar,18191
17047,IL,Edwards,6684
17049,IL,Effingham,34353
17051,IL,Fayette,22014
17053,IL,Ford,14008
17055,IL,Franklin,39407
17057,IL,Fulton,36651
17059,IL,Gallatin,5430
17061,IL,Greene,13576
17063,IL,Grundy,50281
17065,IL,Hamilton,8370
17067,IL,Hancock,18891
17069,IL,Hardin,4258
17071,IL,Henderson,7043
17073,IL,Henry,50155
17075,IL,Iroquois,29240
17077,IL,Jackson,60071
17079,IL,Jasper,9614
17081,IL,Jefferson,38720
17083,IL,Jersey,22742
17085,IL,Jo Daviess,22549
17087,IL,Johnson,12760
17089,IL,Kane,522487
17091,IL,Kankakee,113040
17093,IL,Kendall,118105
17095,IL,Knox,52247
17097,IL,Lake,702120
17099,IL,LaSalle,112973
17101,IL,Lawrence,16604
17103,IL,Lee,35037
17105,IL,Livingston,38647
17107,IL,Logan,30013
17109,IL,McDonough,32537
17111,IL,McHenry,308145
17113,IL,McLean,172281
17115,IL,Macon,110122
17117,IL,Macoupin,47231
17119,IL,Madison,267883
17121,IL,Marion,38894
17123,IL,Marshall,12327
17125,IL,Mason,14327
17127,IL,Massac,15234
17129,IL,Menard,12722
17131,IL,Mercer,16219
17133,IL,Monroe,33357
17135,IL,Montgomery,29620
17137,IL,Morgan,35272
17139,IL,Moultrie,14933
17141,IL,Ogle,52848
17143,IL,Peoria,187254
17145,IL,Perry,22058
17147,IL,Piatt,16504
17149,IL,Pike,16308
17151,IL,Pope,4272
17153,IL,Pulaski,5998
17155,IL,Putnam,5886
17157,IL,Randolph,32956
17159,IL,Richland,16176
17161,IL,Rock Island,147457
17163,IL,St. Clair,268858
17165,IL,Saline,24946
17167,IL,Sangamon,199271
17169,IL,Schuyler,7457
17171,IL,Scott,5290
17173,IL,Shelby,22196
17175,IL,Stark,5946
17177,IL,Stephenson,46959
17179,IL,Tazewell,135949
17181,IL,Union,17647
17183,IL,Vermilion,80727
17185,IL,Wabash,11727
17187,IL,Warren,17731
17189,IL,Washington,14598
17191,IL,Wayne,16574
17193,IL,White,14568
17195,IL,Whiteside,57846
17197,IL,Will,682518
17199,IL,Williamson,66674
17201,IL,Winnebago,292069
17203,IL,Woodford,38971
18001,IN,Adams,34365
18003,IN,Allen,360412
18005,IN,Bartholomew,79129
18007,IN,Benton,8804
18009,IN,Blackford,12502
18011,IN,Boone,58944
18013,IN,Brown,15083
18015,IN,Carroll,20095
18017,IN,Cass,38581
18019,IN,Clark,111951
18021,IN,Clay,26837
18023,IN,Clinton,33022
18025,IN,Crawford,10665
18027,IN,Daviess,32064
18029,IN,Dearborn,49831
18031,IN,Decatur,26042
18033,IN,DeKalb,42321
18035,IN,Delaware,117364
18037,IN,Dubois,42071
18039,IN,Elkhart,199619
18041,IN,Fayette,24029
18043,IN,Floyd,75283
18045,IN,Fountain,17119
18047,IN,Franklin,22969
18049,IN,Fulton,20737
18051,IN,Gibson,33458
18053,IN,Grant,69330
18055,IN,Greene,32940
18057,IN,Hamilton,289495
18059,IN,Hancock,70933
18061,IN,Harrison,39134
18063,IN,Hendricks,150434
18065,IN,Henry,49345
18067,IN,Howard,82849
18069,IN,Huntington,36987
18071,IN,Jackson,43083
18073,IN,Jasper,33456
18075,IN,Jay,21366
18077,IN,Jefferson,32554
18079,IN,Jennings,28161
18081,IN,Johnson,143191
18083,IN,Knox,38122
18085,IN,Kosciusko,77609
18087,IN,LaGrange,37521
18089,IN,Lake,493618
18091,IN,LaPorte,111246
18093,IN,Lawrence,46078
18095,IN,Madison,130348
18097,IN,Marion,918977
18099,IN,Marshall,47024
18101,IN,Martin,10260
18103,IN,Miami,36486
18105,IN,Monroe,141019
18107,IN,Montgomery,38254
18109,IN,Morgan,69356
18111,IN,Newton,14044
18113,IN,Noble,47582
18115,IN,Ohio,6079
18117,IN,Orange,19690
18119,IN,Owen,21380
18121,IN,Parke,17069
18123,IN,Perry,19462
18125,IN,Pike,12766
18127,IN,Porter,165682
18129,IN,Posey,25599
18131,IN,Pulaski,13124
18133,IN,Putnam,37750
18135,IN,Randolph,25815
18137,IN,Ripley,28583
18139,IN,Rush,17095
18141,IN,St. Joseph,266344
18143,IN,Scott,23791
18145,IN,Shelby,44471
18147,IN,Spencer,20837
18149,IN,Starke,23213
18151,IN,Steuben,34124
18153,IN,Sullivan,21188
18155,IN,Switzerland,10424
18157,IN,Tippecanoe,177513
18159,IN,Tipton,15695
18161,IN,Union,7362
18163,IN,Vanderburgh,180858
18165,IN,Vermillion,16040
18167,IN,Vigo,108428
18169,IN,Wabash,32361
18171,IN,Warren,8342
18173,IN,Warrick,60463
18175,IN,Washington,27921
18177,IN,Wayne,68346
18179,IN,Wells,27652
18181,IN,White,24426
18183,IN,Whitley,33342
19001,IA,Adair,7481
19003,IA,Adams,3911
19005,IA,Allamakee,14237
19007,IA,Appanoose,12700
19009,IA,Audubon,5910
19011,IA,Benton,25827
19013,IA,Black Hawk,131820
19015,IA,Boone,26195
19017,IA,Bremer,24479
19019,IA,Buchanan,20942
19021,IA,Buena Vista,20592
19023,IA,Butler,14986
19025,IA,Calhoun,9909
19027,IA,Carroll,20631
19029,IA,Cass,13723
19031,IA,Cedar,18416
19033,IA,Cerro Gordo,43788
19035,IA,Cherokee,11946
19037,IA,Chickasaw,12276
19039,IA,Clarke,9370
19041,IA,Clay,16599
19043,IA,Clayton,17835
19045,IA,Clinton,48717
19047,IA,Crawford,17309
19049,IA,Dallas,71967
19051,IA,Davis,8689
19053,IA,Decatur,8253
19055,IA,Delaware,17574
19057,IA,Des Moines,40340
19059,IA,Dickinson,16972
19061,IA,Dubuque,95097
19063,IA,Emmet,10120
19065,IA,Fayette,20793
19067,IA,Floyd,16056
19069,IA,Franklin,10554
19071,IA,Fremont,7147
19073,IA,Greene,9153
19075,IA,Grundy,12448
19077,IA,Guthrie,10777
19079,IA,Hamilton,15344
19081,IA,Hancock,11134
19083,IA,Hardin,17302
19085,IA,Harrison,14548
19087,IA,Henry,20236
19089,IA,Howard,9563
19091,IA,Humboldt,9729
19093,IA,Ida,7108
19095,IA,Iowa,16189
19097,IA,Jackson,19712
19099,IA,Jasper,36602
19101,IA,Jefferson,16867
19103,IA,Johnson,136317
19105,IA,Jones,20639
19107,IA,Keokuk,10374
19109,IA,Kossuth,15346
19111,IA,Lee,35617
19113,IA,Linn,215295
19115,IA,Louisa,11278
19117,IA,Lucas,8760
19119,IA,Lyon,11757
19121,IA,Madison,15654
19123,IA,Mahaska,22443
19125,IA,Marion,33419
19127,IA,Marshall,40857
19129,IA,Mills,14837
19131,IA,Mitchell,10725
19133,IA,Monona,9124
19135,IA,Monroe,8063
19137,IA,Montgomery,10566
19139,IA,Muscatine,42879
19141,IA,O'Brien,14172
19143,IA,Osceola,6193
19145,IA,Page,15713
19147,IA,Palo Alto,9275
19149,IA,Plymouth,24907
19151,IA,Pocahontas,7150
19153,IA,Polk,443710
19155,IA,Pottawattamie,92913
19157,IA,Poweshiek,18736
19159,IA,Ringgold,5096
19161,IA,Sac,10153
19163,IA,Scott,168799
19165,IA,Shelby,12069
19167,IA,Sioux,34268
19169,IA,Story,91140
19171,IA,Tama,17536
19173,IA,Taylor,6208
19175,IA,Union,12594
19177,IA,Van Buren,7449
19179,IA,Wapello,35366
19181,IA,Warren,46891
19183,IA,Washington,21914
19185,IA,Wayne,6344
19187,IA,Webster,37273
19189,IA,Winnebago,10600
19191,IA,Winneshiek,21061
19193,IA,Woodbury,102323
19195,IA,Worth,7519
19197,IA,Wright,12991
20001,KS,Allen,13319
20003,KS,Anderson,7917
20005,KS,Atchison,16813
20007,KS,Barber,4861
20009,KS,Barton,27557
20011,KS,Bourbon,14897
20013,KS,Brown,9881
20015,KS,Butler,65827
20017,KS,Chase,2757
20019,KS,Chautauqua,3571
20021,KS,Cherokee,21226
20023,KS,Cheyenne,2678
20025,KS,Clark,2181
20027,KS,Clay,8531
20029,KS,Cloud,9397
20031,KS,Coffey,8502
20033,KS,Comanche,1913
20035,KS,Cowley,36288
20037,KS,Crawford,39361
20039,KS,Decatur,2871
20041,KS,Dickinson,19762
20043,KS,Doniphan,7864
20045,KS,Douglas,112864
20047,KS,Edwards,2979
20049,KS,Elk,2720
20051,KS,Ellis,29053
20053,KS,Ellsworth,6494
20055,KS,Finney,37200
20057,KS,Ford,34752
20059,KS,Franklin,25906
20061,KS,Geary,38013
20063,KS,Gove,2729
20065,KS,Graham,2578
20067,KS,Grant,7923
20069,KS,Gray,6030
20071,KS,Greeley,1298
20073,KS,Greenwood,6454
20075,KS,Hamilton,2639
20077,KS,Harper,5911
20079,KS,Harvey,34852
20081,KS,Haskell,4256
20083,KS,Hodgeman,1963
20085,KS,Jackson,13449
20087,KS,Jefferson,18945
20089,KS,Jewell,3046
20091,KS,Johnson,559913
20093,KS,Kearny,3968
20095,KS,Kingman,7863
20097,KS,Kiowa,2496
20099,KS,Labette,21284
20101,KS,Lane,1704
20103,KS,Leavenworth,77739
20105,KS,Lincoln,3174
20107,KS,Linn,9441
20109,KS,Logan,2784
20111,KS,Lyon,33748
20113,KS,McPherson,29356
20115,KS,Marion,12347
20117,KS,Marshall,10022
20119,KS,Meade,4396
20121,KS,Miami,32612
20123,KS,Mitchell,6355
20125,KS,Montgomery,34459
20127,KS,Morris,5854
20129,KS,Morton,3169
20131,KS,Nemaha,10132
20133,KS,Neosho,16406
20135,KS,Ness,3068
20137,KS,Norton,5612
20139,KS,Osage,16142
20141,KS,Osborne,3806
20143,KS,Ottawa,6072
20145,KS,Pawnee,6928
20147,KS,Phillips,5519
20149,KS,Pottawatomie,22302
20151,KS,Pratt,9728
20153,KS,Rawlins,2560
20155,KS,Reno,64438
20157,KS,Republic,4858
20159,KS,Rice,9985
20161,KS,Riley,75508
20163,KS,Rooks,5223
20165,KS,Rush,3220
20167,KS,Russell,6946
20169,KS,Saline,55988
20171,KS,Scott,4937
20173,KS,Sedgwick,503889
20175,KS,Seward,23547
20177,KS,Shawnee,178991
20179,KS,Sheridan,2538
20181,KS,Sherman,6113
20183,KS,Smith,3765
20185,KS,Stafford,4358
20187,KS,Stanton,2175
20189,KS,Stevens,5756
20191,KS,Sumner,23674
20193,KS,Thomas,7941
20195,KS,Trego,2986
20197,KS,Wabaunsee,7039
20199,KS,Wallace,1517
20201,KS,Washington,5758
20203,KS,Wichita,2256
20205,KS,Wilson,9105
20207,KS,Woodson,3278
20209,KS,Wyandotte,159129
21001,KY,Adair,18675
21003,KY,Allen,20210
21005,KY,Anderson,21728
21007,KY,Ballard,8333
21009,KY,Barren,42631
21011,KY,Bath,11802
21013,KY,Bell,28183
21015,KY,Boone,123316
21017,KY,Bourbon,19978
21019,KY,Boyd,49164
21021,KY,Boyle,28658
21023,KY,Bracken,8494
21025,KY,Breathitt,13635
21027,KY,Breckinridge,20071
21029,KY,Bullitt,75896
21031,KY,Butler,12840
21033,KY,Caldwell,12935
21035,KY,Calloway,37655
21037,KY,Campbell,90908
21039,KY,Carlisle,5034
21041,KY,Carroll,10900
21043,KY,Carter,27348
21045,KY,Casey,16082
21047,KY,Christian,75427
21049,KY,Clark,35787
21051,KY,Clay,21556
21053,KY,Clinton,10285
21055,KY,Crittenden,9280
21057,KY,Cumberland,6819
21059,KY,Daviess,97847
21061,KY,Edmonson,12071
21063,KY,Elliott,7780
21065,KY,Estill,14493
21067,KY,Fayette,305489
21069,KY,Fleming,14560
21071,KY,Floyd,38949
21073,KY,Franklin,49804
21075,KY,Fulton,6525
21077,KY,Gallatin,8479
21079,KY,Garrard,16913
21081,KY,Grant,24485
21083,KY,Graves,37544
21085,KY,Grayson,25964
21087,KY,Green,11315
21089,KY,Greenup,36707
21091,KY,Hancock,8677
21093,KY,Hardin,107025
21095,KY,Harlan,28543
21097,KY,Harrison,18624
21099,KY,Hart,18366
21101,KY,Henderson,46513
21103,KY,Henry,15318
21105,KY,Hickman,4754
21107,KY,Hopkins,46718
21109,KY,Jackson,13331
21111,KY,Jefferson,750828
21113,KY,Jessamine,49635
21115,KY,Johnson,23383
21117,KY,Kenton,161711
21119,KY,Knott,16124
21121,KY,Knox,31735
21123,KY,Larue,14151
21125,KY,Laurel,59462
21127,KY,Lawrence,15848
21129,KY,Lee,7706
21131,KY,Leslie,11170
21133,KY,Letcher,23952
21135,KY,Lewis,13835
21137,KY,Lincoln,24461
21139,KY,Livingston,9423
21141,KY,Logan,26646
21143,KY,Lyon,8351
21145,KY,McCracken,65549
21147,KY,McCreary,18069
21149,KY,McLean,9506
21151,KY,Madison,84786
21153,KY,Magoffin,13041
21155,KY,Marion,20090
21157,KY,Marshall,31344
21159,KY,Martin,12743
21161,KY,Mason,17512
21163,KY,Meade,29237
21165,KY,Menifee,6220
21167,KY,Mercer,21261
21169,KY,Metcalfe,9969
21171,KY,Monroe,10821
21173,KY,Montgomery,26902
21175,KY,Morgan,13668
21177,KY,Muhlenberg,31181
21179,KY,Nelson,44319
21181,KY,Nicholas,7000
21183,KY,Ohio,24075
21185,KY,Oldham,61412
21187,KY,Owen,10765
21189,KY,Owsley,4722
21191,KY,Pendleton,14604
21193,KY,Perry,28241
21195,KY,Pike,64178
21197,KY,Powell,12483
21199,KY,Pulaski,63593
21201,KY,Robertson,2188
21203,KY,Rockcastle,17006
21205,KY,Rowan,23447
21207,KY,Russell,17497
21209,KY,Scott,49057
21211,KY,Shelby,43614
21213,KY,Simpson,17538
21215,KY,Spencer,17416
21217,KY,Taylor,24691
21219,KY,Todd,12651
21221,KY,Trigg,14447
21223,KY,Trimble,8787
21225,KY,Union,14850
21227,KY,Warren,117110
21229,KY,Washington,11833
21231,KY,Wayne,20824
21233,KY,Webster,13583
21235,KY,Whitley,35499
21237,KY,Wolfe,7164
21239,KY,Woodford,25077
22001,LA,Acadia,61912
22003,LA,Allen,25539
22005,LA,Ascension,112286
22007,LA,Assumption,23026
22009,LA,Avoyelles,41632
22011,LA,Beauregard,36281
22013,LA,Bienville,14076
22015,LA,Bossier,122197
22017,LA,Caddo,257093
22019,LA,Calcasieu,194493
22021,LA,Caldwell,10004
22023,LA,Cameron,6702
22025,LA,Catahoula,10292
22027,LA,Claiborne,16828
22029,LA,Concordia,20365
22031,LA,De Soto,26963
22033,LA,East Baton Rouge,444526
22035,LA,East Carroll,7526
22037,LA,East Feliciana,20008
22039,LA,Evangeline,33710
22041,LA,Franklin,20561
22043,LA,Grant,22068
22045,LA,Iberia,73999
22047,LA,Iberville,33228
22049,LA,Jackson,16216
22051,LA,Jefferson,31432
22053,LA,Jefferson Davis,433676
22055,LA,Lafayette,97029
22057,LA,Lafourche,14927
22059,LA,La Salle,227055
22061,LA,Lincoln,46953
22063,LA,Livingston,131942
22065,LA,Madison,12154
22067,LA,Morehouse,27559
22069,LA,Natchitoches,39436
22071,LA,Orleans,369250
22073,LA,Ouachita,155363
22075,LA,Plaquemines,23921
22077,LA,Pointe Coupee,22726
22079,LA,Rapides,132373
22081,LA,Red River,8983
22083,LA,Richland,20921
22085,LA,Sabine,24325
22087,LA,St. Bernard,41635
22089,LA,St. Charles,52681
22091,LA,St. Helena,11071
22093,LA,St. James,21722
22095,LA,St. John the Baptist,44758
22097,LA,St. Landry,83662
22099,LA,St. Martin,52726
22101,LA,St. Mary,53697
22103,LA,St. Tammany,239453
22105,LA,Tangipahoa,123441
22107,LA,Tensas,4954
22109,LA,Terrebonne,111893
22111,LA,Union,22419
22113,LA,Vermilion,58723
22115,LA,Vernon,53869
22117,LA,Washington,46670
22119,LA,Webster,40940
22121,LA,West Baton Rouge,24106
22123,LA,West Carroll,11512
22125,LA,West Feliciana,15405
22127,LA,Winn,15000
23001,ME,Androscoggin,107609
23003,ME,Aroostook,70868
23005,ME,Cumberland,283921
23007,ME,Franklin,30630
23009,ME,Hancock,54558
23011,ME,Kennebec,121853
23013,ME,Knox,39668
23015,ME,Lincoln,34180
23017,ME,Oxford,57481
23019,ME,Penobscot,153746
23021,ME,Piscataquis,17290
23023,ME,Sagadahoc,35191
23025,ME,Somerset,51910
23027,ME,Waldo,38820
23029,ME,Washington,32462
23031,ME,York,199005
24001,MD,Allegany,74012
24003,MD,Anne Arundel,550488
24005,MD,Baltimore,621342
24009,MD,Calvert,89628
24011,MD,Caroline,32718
24013,MD,Carroll,167217
24015,MD,Cecil,101696
24017,MD,Charles,150592
24019,MD,Dorchester,32551
24021,MD,Frederick,239582
24023,MD,Garrett,29854
24025,MD,Harford,248622
24027,MD,Howard,299430
24029,MD,Kent,20191
24031,MD,Montgomery,1004709
24033,MD,Prince George's,881138
24035,MD,Queen Anne's,48595
24037,MD,St. Mary's,108987
24039,MD,Somerset,26253
24041,MD,Talbot,38098
24043,MD,Washington,149180
24045,MD,Wicomico,100647
24047,MD,Worcester,51578
24510,MD,Baltimore,817455
25001,MA,Barnstable,215423
25003,MA,Berkshire,130016
25005,MA,Bristol,551082
25007,MA,Dukes,17041
25009,MA,Essex,755618
25011,MA,Franklin,71540
25013,MA,Hampden,465923
25015,MA,Hampshire,159795
25017,MA,Middlesex,1537215
25019,MA,Nantucket,10298
25021,MA,Norfolk,681845
25023,MA,Plymouth,499759
25025,MA,Suffolk,744426
25027,MA,Worcester,806163
26001,MI,Alcona,10635
26003,MI,Alger,9541
26005,MI,Allegan,112039
26007,MI,Alpena,29234
26009,MI,Antrim,23406
26011,MI,Arenac,15477
26013,MI,Baraga,8683
26015,MI,Barry,58990
26017,MI,Bay,106935
26019,MI,Benzie,17465
26021,MI,Berrien,156067
26023,MI,Branch,43868
26025,MI,Calhoun,135099
26027,MI,Cass,52242
26029,MI,Charlevoix,26023
26031,MI,Cheboygan,25835
26033,MI,Chippewa,38917
26035,MI,Clare,30753
26037,MI,Clinton,76001
26039,MI,Crawford,14009
26041,MI,Delta,36884
26043,MI,Dickinson,26220
26045,MI,Eaton,108008
26047,MI,Emmet,32915
26049,MI,Genesee,418408
26051,MI,Gladwin,25484
26053,MI,Gogebic,16084
26055,MI,Grand Traverse,89112
26057,MI,Gratiot,42063
26059,MI,Hillsdale,46229
26061,MI,Houghton,36520
26063,MI,Huron,32463
26065,MI,Ingham,281723
26067,MI,Ionia,63941
26069,MI,Iosco,25357
26071,MI,Iron,11587
26073,MI,Isabella,70617
26075,MI,Jackson,160309
26077,MI,Kalamazoo,254580
26079,MI,Kalkaska,17099
26081,MI,Kent,614462
26083,MI,Keweenaw,2215
26085,MI,Lake,11498
26087,MI,Lapeer,88173
26089,MI,Leelanau,21607
26091,MI,Lenawee,98987
26093,MI,Livingston,182838
26095,MI,Luce,6522
26097,MI,Mackinac,11137
26099,MI,Macomb,847383
26101,MI,Manistee,24672
26103,MI,Marquette,67906
26105,MI,Mason,28680
26107,MI,Mecosta,43318
26109,MI,Menominee,23815
26111,MI,Midland,83822
26113,MI,Missaukee,15031
26115,MI,Monroe,151048
26117,MI,Montcalm,63097
26119,MI,Montmorency,9476
26121,MI,Muskegon,170182
26123,MI,Newaygo,47959
26125,MI,Oakland,1220657
26127,MI,Oceana,26310
26129,MI,Ogemaw,21437
26131,MI,Ontonagon,6413
26133,MI,Osceola,23276
26135,MI,Oscoda,8592
26137,MI,Otsego,24020
26139,MI,Ottawa,269099
26141,MI,Presque Isle,13129
26143,MI,Roscommon,24106
26145,MI,Saginaw,198353
26147,MI,St. Clair,160644
26149,MI,St. Joseph,60796
26151,MI,Sanilac,42268
26153,MI,Schoolcraft,8343
26155,MI,Shiawassee,69232
26157,MI,Tuscola,54662
26159,MI,Van Buren,75454
26161,MI,Washtenaw,350946
26163,MI,Wayne,1792365
26165,MI,Wexford,32608
27001,MN,Aitkin,15927
27003,MN,Anoka,336414
27005,MN,Becker,33000
27007,MN,Beltrami,45375
27009,MN,Benton,38865
27011,MN,Big Stone,5164
27013,MN,Blue Earth,65091
27015,MN,Brown,25425
27017,MN,Carlton,35348
27019,MN,Carver,93707
27021,MN,Cass,28357
27023,MN,Chippewa,12135
27025,MN,Chisago,53452
27027,MN,Clay,60155
27029,MN,Clearwater,8703
27031,MN,Cook,5185
27033,MN,Cottonwood,11597
27035,MN,Crow Wing,62882
27037,MN,Dakota,405088
27039,MN,Dodge,20231
27041,MN,Douglas,36415
27043,MN,Faribault,14263
27045,MN,Fillmore,20834
27047,MN,Freeborn,31054
27049,MN,Goodhue,46336
27051,MN,Grant,5944
27053,MN,Hennepin,1184576
27055,MN,Houston,18837
27057,MN,Hubbard,20347
27059,MN,Isanti,38248
27061,MN,Itasca,45221
27063,MN,Jackson,10281
27065,MN,Kanabec,16005
27067,MN,Kandiyohi,42379
27069,MN,Kittson,4493
27071,MN,Koochiching,13208
27073,MN,Lac qui Parle,7109
27075,MN,Lake,10818
27077,MN,Lake of the Woods,3973
27079,MN,Le Sueur,27677
27081,MN,Lincoln,5818
27083,MN,Lyon,25543
27085,MN,McLeod,36053
27087,MN,Mahnomen,5536
27089,MN,Marshall,9449
27091,MN,Martin,20475
27093,MN,Meeker,23061
27095,MN,Mille Lacs,25740
27097,MN,Morrison,33052
27099,MN,Mower,39372
27101,MN,Murray,8577
27103,MN,Nicollet,32929
27105,MN,Nobles,21487
27107,MN,Norman,6634
27109,MN,Olmsted,147066
27111,MN,Otter Tail,57288
27113,MN,Pennington,14074
27115,MN,Pine,29218
27117,MN,Pipestone,9345
27119,MN,Polk,31416
27121,MN,Pope,10892
27123,MN,Ramsey,520152
27125,MN,Red Lake,4087
27127,MN,Redwood,15847
27129,MN,Renville,15369
27131,MN,Rice,64854
27133,MN,Rock,9553
27135,MN,Roseau,15476
27137,MN,St. Louis,200319
27139,MN,Scott,135152
27141,MN,Sherburne,89455
27143,MN,Sibley,15123
27145,MN,Stearns,151606
27147,MN,Steele,36322
27149,MN,Stevens,9663
27151,MN,Swift,9594
27153,MN,Todd,24509
27155,MN,Traverse,3451
27157,MN,Wabasha,21476
27159,MN,Wadena,13767
27161,MN,Waseca,19237
27163,MN,Washington,244088
27165,MN,Watonwan,11187
27167,MN,Wilkin,6585
27169,MN,Winona,51629
27171,MN,Wright,127336
27173,MN,Yellow Medicine,10158
28001,MS,Adams,32122
28003,MS,Alcorn,37164
28005,MS,Amite,12957
28007,MS,Attala,19157
28009,MS,Benton,8730
28011,MS,Bolivar,33904
28013,MS,Calhoun,14843
28015,MS,Carroll,10423
28017,MS,Chickasaw,17416
28019,MS,Choctaw,8346
28021,MS,Claiborne,9349
28023,MS,Clarke,16556
28025,MS,Clay,20427
28027,MS,Coahoma,25709
28029,MS,Copiah,28955
28031,MS,Covington,19607
28033,MS,DeSoto,166234
28035,MS,Forrest,76894
28037,MS,Franklin,7918
28039,MS,George,22930
28041,MS,Greene,14311
28043,MS,Grenada,21682
28045,MS,Hancock,45255
28047,MS,Harrison,194029
28049,MS,Hinds,248643
28051,MS,Holmes,18796
28053,MS,Humphreys,9189
28055,MS,Issaquena,1386
28057,MS,Itawamba,23340
28059,MS,Jackson,140298
28061,MS,Jasper,16523
28063,MS,Jefferson,7638
28065,MS,Jefferson Davis,12032
28067,MS,Jones,68641
28069,MS,Kemper,10335
28071,MS,Lafayette,49495
28073,MS,Lamar,57786
28075,MS,Lauderdale,80220
28077,MS,Lawrence,12551
28079,MS,Leake,23297
28081,MS,Lee,85042
28083,MS,Leflore,30948
28085,MS,Lincoln,34900
28087,MS,Lowndes,59670
28089,MS,Madison,98468
28091,MS,Marion,26442
28093,MS,Marshall,36612
28095,MS,Monroe,36421
28097,MS,Montgomery,10614
28099,MS,Neshoba,29785
28101,MS,Newton,21601
28103,MS,Noxubee,11218
28105,MS,Oktibbeha,48192
28107,MS,Panola,34473
28109,MS,Pearl River,55295
28111,MS,Perry,12086
28113,MS,Pike,40100
28115,MS,Pontotoc,30594
28117,MS,Prentiss,25390
28119,MS,Quitman,7798
28121,MS,Rankin,145165
28123,MS,Scott,28250
28125,MS,Sharkey,4799
28127,MS,Simpson,27374
28129,MS,Smith,16345
28131,MS,Stone,18028
28133,MS,Sunflower,28431
28135,MS,Tallahatchie,15111
28137,MS,Tate,28490
28139,MS,Tippah,22025
28141,MS,Tishomingo,19591
28143,MS,Tunica,10475
28145,MS,Union,27414
28147,MS,Walthall,15100
28149,MS,Warren,48084
28151,MS,Washington,49750
28153,MS,Wayne,20661
28155,MS,Webster,10039
28157,MS,Wilkinson,9432
28159,MS,Winston,19029
28161,MS,Yalobusha,12401
28163,MS,Yazoo,28195
29001,MO,Adair,25581
29003,MO,Andrew,17417
29005,MO,Atchison,5517
29007,MO,Audrain,25621
29009,MO,Barry,35546
29011,MO,Barton,12337
29013,MO,Bates,16709
29015,MO,Benton,18962
29017,MO,Bollinger,12382
29019,MO,Boone,168535
29021,MO,Buchanan,89706
29023,MO,Butler,43053
29025,MO,Caldwell,9145
29027,MO,Callaway,44305
29029,MO,Camden,43845
29031,MO,Cape Girardeau,76950
29033,MO,Carroll,9086
29035,MO,Carter,6262
29037,MO,Cass,100376
29039,MO,Cedar,13799
29041,MO,Chariton,7649
29043,MO,Christian,79824
29045,MO,Clark,6969
29047,MO,Clay,227577
29049,MO,Clinton,20508
29051,MO,Cole,76363
29053,MO,Cooper,17520
29055,MO,Crawford,24832
29057,MO,Dade,7568
29059,MO,Dallas,16799
29061,MO,Daviess,8239
29063,MO,DeKalb,12940
29065,MO,Dent,15647
29067,MO,Douglas,13585
29069,MO,Dunklin,31826
29071,MO,Franklin,101412
29073,MO,Gasconade,14972
29075,MO,Gentry,6777
29077,MO,Greene,280626
29079,MO,Grundy,10338
29081,MO,Harrison,8728
29083,MO,Henry,22153
29085,MO,Hickory,9391
29087,MO,Holt,4655
29089,MO,Howard,10169
29091,MO,Howell,40629
29093,MO,Iron,10374
29095,MO,Jackson,677377
29097,MO,Jasper,115258
29099,MO,Jefferson,220209
29101,MO,Johnson,54397
29103,MO,Knox,4082
29105,MO,Laclede,35417
29107,MO,Lafayette,33080
29109,MO,Lawrence,38467
29111,MO,Lewis,10174
29113,MO,Lincoln,53354
29115,MO,Linn,12484
29117,MO,Livingston,15037
29119,MO,McDonald,22876
29121,MO,Macon,15573
29123,MO,Madison,12448
29125,MO,Maries,9014
29127,MO,Marion,28745
29129,MO,Mercer,3729
29131,MO,Miller,24817
29133,MO,Mississippi,14322
29135,MO,Moniteau,15625
29137,MO,Monroe,8703
29139,MO,Montgomery,11996
29141,MO,Morgan,20117
29143,MO,New Madrid,18488
29145,MO,Newton,59069
29147,MO,Nodaway,23419
29149,MO,Oregon,10997
29151,MO,Osage,13858
29153,MO,Ozark,9601
29155,MO,Pemiscot,18111
29157,MO,Perry,19018
29159,MO,Pettis,42319
29161,MO,Phelps,44987
29163,MO,Pike,18565
29165,MO,Platte,92054
29167,MO,Polk,31017
29169,MO,Pulaski,53259
29171,MO,Putnam,4931
29173,MO,Ralls,10277
29175,MO,Randolph,25330
29177,MO,Ray,23064
29179,MO,Reynolds,6667
29181,MO,Ripley,14036
29183,MO,St. Charles,368666
29185,MO,St. Clair,9474
29186,MO,Ste. Genevieve,17740
29187,MO,St. Francois,65917
29189,MO,St. Louis,318172
29195,MO,Saline,23339
29197,MO,Schuyler,4370
29199,MO,Scotland,4877
29201,MO,Scott,39139
29203,MO,Shannon,8318
29205,MO,Shelby,6234
29207,MO,Stoddard,29795
29209,MO,Stone,31568
29211,MO,Sullivan,6546
29213,MO,Taney,52956
29215,MO,Texas,25810
29217,MO,Vernon,20748
29219,MO,Warren,32753
29221,MO,Washington,25095
29223,MO,Wayne,13402
29225,MO,Webster,36351
29227,MO,Worth,2079
29229,MO,Wright,18629
29510,MO,St. Louis,1000438
30001,MT,Beaverhead,9346
30003,MT,Big Horn,13061
30005,MT,Blaine,6683
30007,MT,Broadwater,5756
30009,MT,Carbon,10127
30011,MT,Carter,1177
30013,MT,Cascade,81723
30015,MT,Chouteau,5904
30017,MT,Custer,11888
30019,MT,Daniels,1786
30021,MT,Dawson,9249
30023,MT,Deer Lodge,9227
30025,MT,Fallon,3024
30027,MT,Fergus,11435
30029,MT,Flathead,91633
30031,MT,Gallatin,92614
30033,MT,Garfield,1261
30035,MT,Glacier,13711
30037,MT,Golden Valley,839
30039,MT,Granite,3109
30041,MT,Hill,16366
30043,MT,Jefferson,11401
30045,MT,Judith Basin,2024
30047,MT,Lake,28986
30049,MT,Lewis and Clark,64876
30051,MT,Liberty,2392
30053,MT,Lincoln,19491
30055,MT,McCone,1701
30057,MT,Madison,7733
30059,MT,Meagher,1924
30061,MT,Mineral,4167
30063,MT,Missoula,110977
30065,MT,Musselshell,4665
30067,MT,Park,15567
30069,MT,Petroleum,511
30071,MT,Phillips,4128
30073,MT,Pondera,6165
30075,MT,Powder River,1763
30077,MT,Powell,7096
30079,MT,Prairie,1157
30081,MT,Ravalli,40617
30083,MT,Richland,10810
30085,MT,Roosevelt,10927
30087,MT,Rosebud,9396
30089,MT,Sanders,11408
30091,MT,Sheridan,3580
30093,MT,Silver Bow,34403
30095,MT,Stillwater,9195
30097,MT,Sweet Grass,3605
30099,MT,Teton,6053
30101,MT,Toole,5220
30103,MT,Treasure,736
30105,MT,Valley,7505
30107,MT,Wheatland,2104
30109,MT,Wibaux,1057
30111,MT,Yellowstone,151882
31001,NE,Adams,31459
31003,NE,Antelope,6545
31005,NE,Arthur,486
31007,NE,Banner,760
31009,NE,Blaine,514
31011,NE,Boone,5417
31013,NE,Box Butte,11317
31015,NE,Boyd,2054
31017,NE,Brown,3023
31019,NE,Buffalo,47463
31021,NE,Burt,6659
31023,NE,Butler,8295
31025,NE,Cass,25133
31027,NE,Cedar,8746
31029,NE,Chase,4064
31031,NE,Cherry,5727
31033,NE,Cheyenne,10068
31035,NE,Clay,6411
31037,NE,Colfax,10653
31039,NE,Cuming,9072
31041,NE,Custer,10740
31043,NE,Dakota,20918
31045,NE,Dawes,9152
31047,NE,Dawson,24220
31049,NE,Deuel,1972
31051,NE,Dixon,5918
31053,NE,Dodge,36427
31055,NE,Douglas,531265
31057,NE,Dundy,2021
31059,NE,Fillmore,5771
31061,NE,Franklin,3188
31063,NE,Frontier,2741
31065,NE,Furnas,4907
31067,NE,Gage,21806
31069,NE,Garden,1953
31071,NE,Garfield,2007
31073,NE,Gosper,2029
31075,NE,Grant,629
31077,NE,Greeley,2458
31079,NE,Hall,60345
31081,NE,Hamilton,9011
31083,NE,Harlan,3410
31085,NE,Hayes,953
31087,NE,Hitchcock,2887
31089,NE,Holt,10396
31091,NE,Hooker,727
31093,NE,Howard,6336
31095,NE,Jefferson,7521
31097,NE,Johnson,5140
31099,NE,Kearney,6485
31101,NE,Keith,8220
31103,NE,Keya Paha,804
31105,NE,Kimball,3783
31107,NE,Knox,8573
31109,NE,Lancaster,293407
31111,NE,Lincoln,36099
31113,NE,Logan,765
31115,NE,Loup,589
31117,NE,McPherson,509
31119,NE,Madison,35031
31121,NE,Merrick,7780
31123,NE,Morrill,4889
31125,NE,Nance,3715
31127,NE,Nemaha,7154
31129,NE,Nuckolls,4438
31131,NE,Otoe,15747
31133,NE,Pawnee,2765
31135,NE,Perkins,2931
31137,NE,Phelps,9215
31139,NE,Pierce,7166
31141,NE,Platte,32681
31143,NE,Polk,5320
31145,NE,Red Willow,10975
31147,NE,Richardson,8290
31149,NE,Rock,1376
31151,NE,Saline,14557
31153,NE,Sarpy,165853
31155,NE,Saunders,20823
31157,NE,Scotts Bluff,36964
31159,NE,Seward,16935
31161,NE,Sheridan,5319
31163,NE,Sherman,3108
31165,NE,Sioux,1315
31167,NE,Stanton,6089
31169,NE,Thayer,5134
31171,NE,Thomas,676
31173,NE,Thurston,7020
31175,NE,Valley,4229
31177,NE,Washington,20252
31179,NE,Wayne,9554
31181,NE,Webster,3725
31183,NE,Wheeler,805
31185,NE,York,13746
32001,NV,Churchill,24375
32003,NV,Clark,2000759
32005,NV,Douglas,46996
32007,NV,Elko,51216
32009,NV,Esmeralda,775
32011,NV,Eureka,2001
32013,NV,Humboldt,17048
32015,NV,Lander,5941
32017,NV,Lincoln,5405
32019,NV,Lyon,51327
32021,NV,Mineral,4653
32023,NV,Nye,42963
32027,NV,Pershing,6749
32029,NV,Storey,3935
32031,NV,Washoe,429908
32033,NV,White Pine,10042
32510,NV,Carson City,54838
33001,NH,Belknap,60327
33003,NH,Carroll,47567
33005,NH,Cheshire,76851
33007,NH,Coos,32096
33009,NH,Grafton,89181
33011,NH,Hillsborough,402922
33013,NH,Merrimack,146761
33015,NH,Rockingham,297820
33017,NH,Strafford,124119
33019,NH,Sullivan,43074
34001,NJ,Atlantic,275422
34003,NJ,Bergen,918888
34005,NJ,Burlington,451336
34007,NJ,Camden,513539
34009,NJ,Cape May,96304
34011,NJ,Cumberland,157785
34013,NJ,Essex,787744
34015,NJ,Gloucester,289586
34017,NJ,Hudson,652302
34019,NJ,Hunterdon,127050
34021,NJ,Mercer,368303
34023,NJ,Middlesex,823041
34025,NJ,Monmouth,629384
34027,NJ,Morris,497999
34029,NJ,Ocean,580470
34031,NJ,Passaic,502885
34033,NJ,Salem,65774
34035,NJ,Somerset,327707
34037,NJ,Sussex,147442
34039,NJ,Union,543976
34041,NJ,Warren,107653
35001,NM,Bernalillo,673460
35003,NM,Catron,3658
35005,NM,Chaves,65784
35006,NM,Cibola,27334
35007,NM,Colfax,13223
35009,NM,Curry,49938
35011,NM,De Baca,1927
35013,NM,Dona Ana,214445
35015,NM,Eddy,54419
35017,NM,Grant,29388
35019,NM,Guadalupe,4603
35021,NM,Harding,707
35023,NM,Hidalgo,4794
35025,NM,Lea,66338
35027,NM,Lincoln,20309
35028,NM,Los Alamos,18159
35029,NM,Luna,25041
35031,NM,McKinley,73016
35033,NM,Mora,4705
35035,NM,Otero,66041
35037,NM,Quay,8769
35039,NM,Rio Arriba,40318
35041,NM,Roosevelt,20419
35043,NM,Sandoval,135588
35045,NM,San Juan,128529
35047,NM,San Miguel,28891
35049,NM,Santa Fe,146375
35051,NM,Sierra,11895
35053,NM,Socorro,17603
35055,NM,Taos,32779
35057,NM,Torrance,16021
35059,NM,Union,4431
35061,NM,Valencia,76631
36001,NY,Albany,305455
36003,NY,Allegany,48357
36005,NY,Bronx,1408473
36007,NY,Broome,198060
36009,NY,Cattaraugus,79458
36011,NY,Cayuga,79552
36013,NY,Chautauqua,133539
36015,NY,Chemung,88911
36017,NY,Chenango,49933
36019,NY,Clinton,81654
36021,NY,Columbia,62499
36023,NY,Cortland,49474
36025,NY,Delaware,47276
36027,NY,Dutchess,297322
36029,NY,Erie,919086
36031,NY,Essex,38961
36033,NY,Franklin,51795
36035,NY,Fulton,54925
36037,NY,Genesee,59977
36039,NY,Greene,48673
36041,NY,Hamilton,4778
36043,NY,Herkimer,64508
36045,NY,Jefferson,120262
36047,NY,Kings,2565635
36049,NY,Lewis,27224
36051,NY,Livingston,64810
36053,NY,Madison,72382
36055,NY,Monroe,747813
36057,NY,Montgomery,49941
36059,NY,Nassau,1349233
36061,NY,New York,1619090
36063,NY,Niagara,215124
36065,NY,Oneida,233556
36067,NY,Onondaga,466852
36069,NY,Ontario,108519
36071,NY,Orange,374512
36073,NY,Orleans,42836
36075,NY,Oswego,121700
36077,NY,Otsego,61709
36079,NY,Putnam,99607
36081,NY,Queens,2272771
36083,NY,Rensselaer,159835
36085,NY,Richmond,470728
36087,NY,Rockland,317757
36089,NY,St. Lawrence,112232
36091,NY,Saratoga,222133
36093,NY,Schenectady,155124
36095,NY,Schoharie,32099
36097,NY,Schuyler,18514
36099,NY,Seneca,35305
36101,NY,Steuben,99063
36103,NY,Suffolk,1499273
36105,NY,Sullivan,76793
36107,NY,Tioga,50478
36109,NY,Tompkins,102554
36111,NY,Ulster,181791
36113,NY,Warren,65538
36115,NY,Washington,62934
36117,NY,Wayne,92962
36119,NY,Westchester,961670
36121,NY,Wyoming,41892
36123,NY,Yates,25344
37001,NC,Alamance,153920
37003,NC,Alexander,36853
37005,NC,Alleghany,10927
37007,NC,Anson,26351
37009,NC,Ashe,27097
37011,NC,Avery,17635
37013,NC,Beaufort,47507
37015,NC,Bertie,20653
37017,NC,Bladen,34915
37019,NC,Brunswick,112257
37021,NC,Buncombe,244490
37023,NC,Burke,90505
37025,NC,Cabarrus,184498
37027,NC,Caldwell,81930
37029,NC,Camden,10090
37031,NC,Carteret,67632
37033,NC,Caswell,23217
37035,NC,Catawba,154339
37037,NC,Chatham,65976
37039,NC,Cherokee,26992
37041,NC,Chowan,14772
37043,NC,Clay,10618
37045,NC,Cleveland,97474
37047,NC,Columbus,57638
37049,NC,Craven,104770
37051,NC,Cumberland,324049
37053,NC,Currituck,24077
37055,NC,Dare,34573
37057,NC,Davidson,163260
37059,NC,Davie,41433
37061,NC,Duplin,60033
37063,NC,Durham,279641
37065,NC,Edgecombe,55954
37067,NC,Forsyth,358137
37069,NC,Franklin,61475
37071,NC,Gaston,208049
37073,NC,Gates,11869
37075,NC,Graham,8700
37077,NC,Granville,60436
37079,NC,Greene,21429
37081,NC,Guilford,500879
37083,NC,Halifax,54006
37085,NC,Harnett,122135
37087,NC,Haywood,58908
37089,NC,Henderson,108266
37091,NC,Hertford,24438
37093,NC,Hoke,50536
37095,NC,Hyde,5859
37097,NC,Iredell,162708
37099,NC,Jackson,40448
37101,NC,Johnston,174938
37103,NC,Jones,10275
37105,NC,Lee,59715
37107,NC,Lenoir,59227
37109,NC,Lincoln,79313
37111,NC,McDowell,44998
37113,NC,Macon,33869
37115,NC,Madison,20742
37117,NC,Martin,23961
37119,NC,Mecklenburg,969031
37121,NC,Mitchell,15368
37123,NC,Montgomery,27668
37125,NC,Moore,90302
37127,NC,Nash,95708
37129,NC,New Hanover,209234
37131,NC,Northampton,21428
37133,NC,Onslow,183263
37135,NC,Orange,137941
37137,NC,Pamlico,13074
37139,NC,Pasquotank,40591
37141,NC,Pender,54195
37143,NC,Perquimans,13563
37145,NC,Person,39268
37147,NC,Pitt,172554
37149,NC,Polk,20271
37151,NC,Randolph,142466
37153,NC,Richmond,46627
37155,NC,Robeson,135496
37157,NC,Rockingham,92720
37159,NC,Rowan,138180
37161,NC,Rutherford,67323
37163,NC,Sampson,63949
37165,NC,Scotland,36094
37167,NC,Stanly,60576
37169,NC,Stokes,46783
37171,NC,Surry,73561
37173,NC,Swain,14141
37175,NC,Transylvania,32849
37177,NC,Tyrrell,4338
37179,NC,Union,208520
37181,NC,Vance,45132
37183,NC,Wake,952151
37185,NC,Warren,20576
37187,NC,Washington,12736
37189,NC,Watauga,51871
37191,NC,Wayne,124246
37193,NC,Wilkes,69306
37195,NC,Wilson,81867
37197,NC,Yadkin,38084
37199,NC,Yancey,17630
38001,ND,Adams,2311
38003,ND,Barnes,11015
38005,ND,Benson,6760
38007,ND,Billings,905
38009,ND,Bottineau,6579
38011,ND,Bowman,3202
38013,ND,Burke,2171
38015,ND,Burleigh,85774
38017,ND,Cass,156157
38019,ND,Cavalier,3948
38021,ND,Dickey,5268
38023,ND,Divide,2228
38025,ND,Dunn,3967
38027,ND,Eddy,2368
38029,ND,Emmons,3491
38031,ND,Foster,3392
38033,ND,Golden Valley,1804
38035,ND,Grand Forks,67472
38037,ND,Grant,2333
38039,ND,Griggs,2362
38041,ND,Hettinger,2553
38043,ND,Kidder,2426
38045,ND,LaMoure,4114
38047,ND,Logan,1924
38049,ND,McHenry,5789
38051,ND,McIntosh,2751
38053,ND,McKenzie,7987
38055,ND,McLean,9309
38057,ND,Mercer,8486
38059,ND,Morton,28101
38061,ND,Mountrail,8734
38063,ND,Nelson,3080
38065,ND,Oliver,1838
38067,ND,Pembina,7271
38069,ND,Pierce,4457
38071,ND,Ramsey,11536
38073,ND,Ransom,5444
38075,ND,Renville,2559
38077,ND,Richland,16217
38079,ND,Rolette,14382
38081,ND,Sargent,3896
38083,ND,Sheridan,1266
38085,ND,Sioux,4347
38087,ND,Slope,758
38089,ND,Stark,26771
38091,ND,Steele,1989
38093,ND,Stutsman,20934
38095,ND,Towner,2318
38097,ND,Traill,8072
38099,ND,Walsh,11046
38101,ND,Ward,64798
38103,ND,Wells,4271
38105,ND,Williams,26697
39001,OH,Adams,28350
39003,OH,Allen,105141
39005,OH,Ashland,52962
39007,OH,Ashtabula,100389
39009,OH,Athens,64304
39011,OH,Auglaize,45831
39013,OH,Belmont,69671
39015,OH,Brown,44381
39017,OH,Butler,370589
39019,OH,Carroll,28587
39021,OH,Champaign,39565
39023,OH,Clark,137206
39025,OH,Clermont,199085
39027,OH,Clinton,41886
39029,OH,Columbiana,106507
39031,OH,Coshocton,36779
39033,OH,Crawford,42849
39035,OH,Cuyahoga,1265111
39037,OH,Darke,52507
39039,OH,Defiance,38677
39041,OH,Delaware,181061
39043,OH,Erie,76398
39045,OH,Fairfield,147474
39047,OH,Fayette,28880
39049,OH,Franklin,1195537
39051,OH,Fulton,42513
39053,OH,Gallia,30708
39055,OH,Geauga,93680
39057,OH,Greene,163587
39059,OH,Guernsey,39817
39061,OH,Hamilton,802038
39063,OH,Hancock,75671
39065,OH,Hardin,31627
39067,OH,Harrison,15714
39069,OH,Henry,28045
39071,OH,Highland,42998
39073,OH,Hocking,29273
39075,OH,Holmes,43025
39077,OH,Huron,59280
39079,OH,Jackson,32954
39081,OH,Jefferson,68389
39083,OH,Knox,60705
39085,OH,Lake,229582
39087,OH,Lawrence,62109
39089,OH,Licking,167537
39091,OH,Logan,45474
39093,OH,Lorain,301478
39095,OH,Lucas,437998
39097,OH,Madison,43053
39099,OH,Mahoning,235145
39101,OH,Marion,66238
39103,OH,Medina,173684
39105,OH,Meigs,23593
39107,OH,Mercer,40875
39109,OH,Miami,103060
39111,OH,Monroe,14549
39113,OH,Montgomery,534325
39115,OH,Morgan,14911
39117,OH,Morrow,34938
39119,OH,Muskingum,85950
39121,OH,Noble,14579
39123,OH,Ottawa,41339
39125,OH,Paulding,19295
39127,OH,Perry,36015
39129,OH,Pickaway,56399
39131,OH,Pike,28480
39133,OH,Portage,161451
39135,OH,Preble,41886
39137,OH,Putnam,34198
39139,OH,Richland,122673
39141,OH,Ross,77429
39143,OH,Sandusky,60510
39145,OH,Scioto,78477
39147,OH,Seneca,56018
39149,OH,Shelby,49167
39151,OH,Stark,374868
39153,OH,Summit,540811
39155,OH,Trumbull,207406
39157,OH,Tuscarawas,92392
39159,OH,Union,52715
39161,OH,Van Wert,28744
39163,OH,Vinton,13239
39165,OH,Warren,217241
39167,OH,Washington,61475
39169,OH,Wayne,114848
39171,OH,Williams,37513
39173,OH,Wood,128200
39175,OH,Wyandot,22607
40001,OK,Adair,22286
40003,OK,Alfalfa,5666
40005,OK,Atoka,14007
40007,OK,Beaver,5591
40009,OK,Beckham,23081
40011,OK,Blaine,9785
40013,OK,Bryan,43399
40015,OK,Caddo,29678
40017,OK,Canadian,122560
40019,OK,Carter,48085
40021,OK,Cherokee,48150
40023,OK,Choctaw,15182
40025,OK,Cimarron,2385
40027,OK,Cleveland,265638
40029,OK,Coal,5963
40031,OK,Comanche,126390
40033,OK,Cotton,6155
40035,OK,Craig,14748
40037,OK,Creek,70651
40039,OK,Custer,28536
40041,OK,Delaware,41441
40043,OK,Dewey,4783
40045,OK,Ellis,4104
40047,OK,Garfield,61189
40049,OK,Garvin,27297
40051,OK,Grady,53118
40053,OK,Grant,4516
40055,OK,Greer,6082
40057,OK,Harmon,2906
40059,OK,Harper,3676
40061,OK,Haskell,12938
40063,OK,Hughes,13836
40065,OK,Jackson,26237
40067,OK,Jefferson,6377
40069,OK,Johnston,11003
40071,OK,Kay,45831
40073,OK,Kingfisher,15005
40075,OK,Kiowa,9310
40077,OK,Latimer,11019
40079,OK,Le Flore,49873
40081,OK,Lincoln,34189
40083,OK,Logan,43666
40085,OK,Love,9558
40087,OK,McClain,35613
40089,OK,McCurtain,33203
40091,OK,McIntosh,20584
40093,OK,Major,7683
40095,OK,Marshall,15957
40097,OK,Mayes,41168
40099,OK,Murray,13663
40101,OK,Muskogee,70596
40103,OK,Noble,11522
40105,OK,Nowata,10611
40107,OK,Okfuskee,12358
40109,OK,Oklahoma,741781
40111,OK,Okmulgee,39625
40113,OK,Osage,47917
40115,OK,Ottawa,32236
40117,OK,Pawnee,16474
40119,OK,Payne,78399
40121,OK,Pittsburg,45048
40123,OK,Pontotoc,37958
40125,OK,Pottawatomie,70760
40127,OK,Pushmataha,11205
40129,OK,Roger Mills,3774
40131,OK,Rogers,88367
40133,OK,Seminole,25450
40135,OK,Sequoyah,41398
40137,OK,Stephens,44779
40139,OK,Texas,21498
40141,OK,Tillman,7822
40143,OK,Tulsa,613816
40145,OK,Wagoner,75030
40147,OK,Washington,51633
40149,OK,Washita,11622
40151,OK,Woods,8832
40153,OK,Woodward,20548
41001,OR,Baker,15909
41003,OR,Benton,86430
41005,OR,Clackamas,383857
41007,OR,Clatsop,37301
41009,OR,Columbia,49286
41011,OR,Coos,62534
41013,OR,Crook,20729
41015,OR,Curry,22248
41017,OR,Deschutes,162277
41019,OR,Douglas,107164
41021,OR,Gilliam,1953
41023,OR,Grant,7317
41025,OR,Harney,7212
41027,OR,Hood River,22584
41029,OR,Jackson,206412
41031,OR,Jefferson,21749
41033,OR,Josephine,82930
41035,OR,Klamath,65912
41037,OR,Lake,7771
41039,OR,Lane,354542
41041,OR,Lincoln,46151
41043,OR,Linn,118360
41045,OR,Malheur,30630
41047,OR,Marion,319985
41049,OR,Morrow,11244
41051,OR,Multnomah,759256
41053,OR,Polk,76353
41055,OR,Sherman,1732
41057,OR,Tillamook,25287
41059,OR,Umatilla,76820
41061,OR,Union,25759
41063,OR,Wallowa,6821
41065,OR,Wasco,25487
41067,OR,Washington,547672
41069,OR,Wheeler,1424
41071,OR,Yamhill,100255
42001,PA,Adams,101482
42003,PA,Allegheny,1229338
42005,PA,Armstrong,68409
42007,PA,Beaver,170245
42009,PA,Bedford,49324
42011,PA,Berks,413491
42013,PA,Blair,127121
42015,PA,Bradford,62792
42017,PA,Bucks,627053
42019,PA,Butler,184970
42021,PA,Cambria,141584
42023,PA,Cameron,4939
42025,PA,Carbon,65006
42027,PA,Centre,155171
42029,PA,Chester,506575
42031,PA,Clarion,39646
42033,PA,Clearfield,81184
42035,PA,Clinton,39517
42037,PA,Columbia,66887
42039,PA,Crawford,87598
42041,PA,Cumberland,238614
42043,PA,Dauphin,269665
42045,PA,Delaware,561098
42047,PA,Elk,31550
42049,PA,Erie,280646
42051,PA,Fayette,135660
42053,PA,Forest,7667
42055,PA,Franklin,151275
42057,PA,Fulton,14772
42059,PA,Greene,38085
42061,PA,Huntingdon,45943
42063,PA,Indiana,88218
42065,PA,Jefferson,44764
42067,PA,Juniata,24904
42069,PA,Lackawanna,214477
42071,PA,Lancaster,526823
42073,PA,Lawrence,89871
42075,PA,Lebanon,135251
42077,PA,Lehigh,355245
42079,PA,Luzerne,321027
42081,PA,Lycoming,117168
42083,PA,McKean,43127
42085,PA,Mercer,115655
42087,PA,Mifflin,46773
42089,PA,Monroe,168798
42091,PA,Montgomery,808460
42093,PA,Montour,18356
42095,PA,Northampton,299267
42097,PA,Northumberland,94428
42099,PA,Perry,45701
42101,PA,Philadelphia,1547607
42103,PA,Pike,56899
42105,PA,Potter,17577
42107,PA,Schuylkill,147063
42109,PA,Snyder,39672
42111,PA,Somerset,76957
42113,PA,Sullivan,6461
42115,PA,Susquehanna,42696
42117,PA,Tioga,42577
42119,PA,Union,44952
42121,PA,Venango,54272
42123,PA,Warren,41146
42125,PA,Washington,208716
42127,PA,Wayne,51955
42129,PA,Westmoreland,363395
42131,PA,Wyoming,28125
42133,PA,York,437846
44001,RI,Bristol,49144
44003,RI,Kent,164843
44005,RI,Newport,82036
44007,RI,Providence,628323
44009,RI,Washington,125946
45001,SC,Abbeville,25101
45003,SC,Aiken,162812
45005,SC,Allendale,9988
45007,SC,Anderson,189355
45009,SC,Bamberg,15763
45011,SC,Barnwell,22212
45013,SC,Beaufort,168049
45015,SC,Berkeley,189781
45017,SC,Calhoun,14910
45019,SC,Charleston,365162
45021,SC,Cherokee,55662
45023,SC,Chester,32546
45025,SC,Chesterfield,46103
45027,SC,Clarendon,34357
45029,SC,Colleton,38153
45031,SC,Darlington,68139
45033,SC,Dillon,31446
45035,SC,Dorchester,142496
45037,SC,Edgefield,26347
45039,SC,Fairfield,23363
45041,SC,Florence,137948
45043,SC,Georgetown,60189
45045,SC,Greenville,467605
45047,SC,Greenwood,69756
45049,SC,Hampton,20726
45051,SC,Horry,282285
45053,SC,Jasper,25833
45055,SC,Kershaw,62343
45057,SC,Lancaster,79089
45059,SC,Laurens,66223
45061,SC,Lee,18654
45063,SC,Lexington,270406
45065,SC,McCormick,9943
45067,SC,Marion,32457
45069,SC,Marlboro,28145
45071,SC,Newberry,37576
45073,SC,Oconee,74627
45075,SC,Orangeburg,91476
45077,SC,Pickens,119670
45079,SC,Richland,393830
45081,SC,Saluda,19893
45083,SC,Spartanburg,288745
45085,SC,Sumter,108052
45087,SC,Union,28252
45089,SC,Williamsburg,33620
45091,SC,York,234635
46003,SD,Aurora,2742
46005,SD,Beadle,17753
46007,SD,Bennett,3436
46009,SD,Bon Homme,7029
46011,SD,Brookings,32629
46013,SD,Brown,37331
46015,SD,Brule,5293
46017,SD,Buffalo,2020
46019,SD,Butte,10228
46021,SD,Campbell,1396
46023,SD,Charles Mix,9216
46025,SD,Clark,3585
46027,SD,Clay,14131
46029,SD,Codington,27606
46031,SD,Corson,4077
46033,SD,Custer,8339
46035,SD,Davison,19769
46037,SD,Day,5613
46039,SD,Deuel,4380
46041,SD,Dewey,5538
46043,SD,Douglas,2970
46045,SD,Edmunds,4026
46047,SD,Fall River,6971
46049,SD,Faulk,2377
46051,SD,Grant,7259
46053,SD,Gregory,4265
46055,SD,Haakon,1939
46057,SD,Hamlin,5918
46059,SD,Hand,3388
46061,SD,Hanson,3377
46063,SD,Harding,1316
46065,SD,Hughes,17450
46067,SD,Hutchinson,7187
46069,SD,Hyde,1437
46071,SD,Jackson,3191
46073,SD,Jerauld,2047
46075,SD,Jones,1013
46077,SD,Kingsbury,5220
46079,SD,Lake,11771
46081,SD,Lawrence,24397
46083,SD,Lincoln,48296
46085,SD,Lyman,3789
46087,SD,McCook,5610
46089,SD,McPherson,2439
46091,SD,Marshall,4671
46093,SD,Meade,26052
46095,SD,Mellette,2101
46097,SD,Miner,2326
46099,SD,Minnehaha,175037
46101,SD,Moody,6446
46103,SD,Pennington,104347
46105,SD,Perkins,3037
46107,SD,Potter,2359
46109,SD,Roberts,10303
46111,SD,Sanborn,2324
46113,SD,Shannon,14059
46115,SD,Spink,6611
46117,SD,Stanley,2969
46119,SD,Sully,1427
46121,SD,Todd,9942
46123,SD,Tripp,5485
46125,SD,Turner,8308
46127,SD,Union,14855
46129,SD,Walworth,5459
46135,SD,Yankton,22603
46137,SD,Ziebach,2869
47001,TN,Anderson,75416
47003,TN,Bedford,45573
47005,TN,Benton,16361
47007,TN,Bledsoe,12792
47009,TN,Blount,124177
47011,TN,Bradley,101134
47013,TN,Campbell,40420
47015,TN,Cannon,13811
47017,TN,Carroll,28390
47019,TN,Carter,57355
47021,TN,Cheatham,39271
47023,TN,Chester,17171
47025,TN,Claiborne,31736
47027,TN,Clay,7840
47029,TN,Cocke,35571
47031,TN,Coffee,53222
47033,TN,Crockett,14623
47035,TN,Cumberland,57029
47037,TN,Davidson,648295
47039,TN,Decatur,11673
47041,TN,DeKalb,18901
47043,TN,Dickson,50381
47045,TN,Dyer,38255
47047,TN,Fayette,38659
47049,TN,Fentress,17940
47051,TN,Franklin,40772
47053,TN,Gibson,49626
47055,TN,Giles,29072
47057,TN,Grainger,22706
47059,TN,Greene,68819
47061,TN,Grundy,13650
47063,TN,Hamblen,62746
47065,TN,Hamilton,345545
47067,TN,Hancock,6720
47069,TN,Hardeman,26533
47071,TN,Hardin,25950
47073,TN,Hawkins,56587
47075,TN,Haywood,18240
47077,TN,Henderson,28023
47079,TN,Henry,32341
47081,TN,Hickman,24170
47083,TN,Houston,8413
47085,TN,Humphreys,18275
47087,TN,Jackson,11441
47089,TN,Jefferson,52191
47091,TN,Johnson,18095
47093,TN,Knox,441311
47095,TN,Lake,7690
47097,TN,Lauderdale,27718
47099,TN,Lawrence,42086
47101,TN,Lewis,11896
47103,TN,Lincoln,33503
47105,TN,Loudon,49793
47107,TN,McMinn,52416
47109,TN,McNairy,26180
47111,TN,Macon,22498
47113,TN,Madison,98656
47115,TN,Marion,28291
47117,TN,Marshall,30883
47119,TN,Maury,81990
47121,TN,Meigs,11698
47123,TN,Monroe,45133
47125,TN,Montgomery,184468
47127,TN,Moore,6339
47129,TN,Morgan,21931
47131,TN,Obion,31340
47133,TN,Overton,22190
47135,TN,Perry,7860
47137,TN,Pickett,5100
47139,TN,Polk,16686
47141,TN,Putnam,73229
47143,TN,Rhea,32247
47145,TN,Roane,53469
47147,TN,Robertson,66931
47149,TN,Rutherford,274454
47151,TN,Scott,22173
47153,TN,Sequatchie,14423
47155,TN,Sevier,92512
47157,TN,Shelby,940764
47159,TN,Smith,19102
47161,TN,Stewart,13297
47163,TN,Sullivan,156786
47165,TN,Sumner,166123
47167,TN,Tipton,61705
47169,TN,Trousdale,7795
47171,TN,Unicoi,18235
47173,TN,Union,19127
47175,TN,Van Buren,5628
47177,TN,Warren,39839
47179,TN,Washington,125094
47181,TN,Wayne,16996
47183,TN,Weakley,34793
47185,TN,White,26082
47187,TN,Williamson,192911
47189,TN,Wilson,118961
48001,TX,Anderson,58190
48003,TX,Andrews,16117
48005,TX,Angelina,87597
48007,TX,Aransas,23818
48009,TX,Archer,8735
48011,TX,Armstrong,1944
48013,TX,Atascosa,46446
48015,TX,Austin,28618
48017,TX,Bailey,7130
48019,TX,Bandera,20537
48021,TX,Bastrop,74763
48023,TX,Baylor,3623
48025,TX,Bee,32527
48027,TX,Bell,323037
48029,TX,Bexar,1785704
48031,TX,Blanco,10655
48033,TX,Borden,616
48035,TX,Bosque,18125
48037,TX,Bowie,93148
48039,TX,Brazoria,324769
48041,TX,Brazos,200665
48043,TX,Brewster,9316
48045,TX,Briscoe,1561
48047,TX,Brooks,7161
48049,TX,Brown,37825
48051,TX,Burleson,17291
48053,TX,Burnet,43448
48055,TX,Caldwell,38734
48057,TX,Calhoun,21609
48059,TX,Callahan,13517
48061,TX,Cameron,415557
48063,TX,Camp,12449
48065,TX,Carson,6157
48067,TX,Cass,30166
48069,TX,Castro,8164
48071,TX,Chambers,36196
48073,TX,Cherokee,51206
48075,TX,Childress,7029
48077,TX,Clay,10535
48079,TX,Cochran,3046
48081,TX,Coke,3231
48083,TX,Coleman,8675
48085,TX,Collin,834642
48087,TX,Collingsworth,3036
48089,TX,Colorado,20696
48091,TX,Comal,114384
48093,TX,Comanche,13765
48095,TX,Concho,4010
48097,TX,Cooke,38688
48099,TX,Coryell,77231
48101,TX,Cottle,1486
48103,TX,Crane,4562
48105,TX,Crockett,3743
48107,TX,Crosby,6126
48109,TX,Culberson,2290
48111,TX,Dallam,6996
48113,TX,Dallas,2453843
48115,TX,Dawson,13640
48117,TX,Deaf Smith,19360
48119,TX,Delta,5329
48121,TX,Denton,707304
48123,TX,DeWitt,20465
48125,TX,Dickens,2323
48127,TX,Dimmit,10461
48129,TX,Donley,3598
48131,TX,Duval,11717
48133,TX,Eastland,18421
48135,TX,Ector,144325
48137,TX,Edwards,1968
48139,TX,Ellis,153969
48141,TX,El Paso,827398
48143,TX,Erath,39321
48145,TX,Falls,17610
48147,TX,Fannin,33831
48149,TX,Fayette,24695
48151,TX,Fisher,3844
48153,TX,Floyd,6367
48155,TX,Foard,1307
48157,TX,Fort Bend,627293
48159,TX,Franklin,10640
48161,TX,Freestone,19515
48163,TX,Frio,17702
48165,TX,Gaines,18413
48167,TX,Galveston,300484
48169,TX,Garza,6412
48171,TX,Gillespie,25153
48173,TX,Glasscock,1259
48175,TX,Goliad,7351
48177,TX,Gonzales,20045
48179,TX,Gray,22978
48181,TX,Grayson,121935
48183,TX,Gregg,122658
48185,TX,Grimes,26783
48187,TX,Guadalupe,139841
48189,TX,Hale,36385
48191,TX,Hall,3293
48193,TX,Hamilton,8307
48195,TX,Hansford,5521
48197,TX,Hardeman,4082
48199,TX,Hardin,55190
48201,TX,Harris,4253700
48203,TX,Harrison,67450
48205,TX,Hartley,6144
48207,TX,Haskell,5901
48209,TX,Hays,168990
48211,TX,Hemphill,4080
48213,TX,Henderson,79094
48215,TX,Hidalgo,806552
48217,TX,Hill,35115
48219,TX,Hockley,23072
48221,TX,Hood,52044
48223,TX,Hopkins,35469
48225,TX,Houston,23161
48227,TX,Howard,35408
48229,TX,Hudspeth,3337
48231,TX,Hunt,87079
48233,TX,Hutchinson,21922
48235,TX,Irion,1573
48237,TX,Jack,8983
48239,TX,Jackson,14255
48241,TX,Jasper,35923
48243,TX,Jeff Davis,2307
48245,TX,Jefferson,251813
48247,TX,Jim Hogg,5249
48249,TX,Jim Wells,41754
48251,TX,Johnson,153441
48253,TX,Jones,19973
48255,TX,Karnes,15233
48257,TX,Kaufman,106753
48259,TX,Kendall,35956
48261,TX,Kenedy,431
48263,TX,Kent,839
48265,TX,Kerr,49786
48267,TX,Kimble,4560
48269,TX,King,276
48271,TX,Kinney,3603
48273,TX,Kleberg,32025
48275,TX,Knox,3789
48277,TX,Lamar,49811
48279,TX,Lamb,14008
48281,TX,Lampasas,20107
48283,TX,La Salle,7109
48285,TX,Lavaca,19468
48287,TX,Lee,16601
48289,TX,Leon,16803
48291,TX,Liberty,76571
48293,TX,Limestone,23585
48295,TX,Lipscomb,3480
48297,TX,Live Oak,11664
48299,TX,Llano,19085
48301,TX,Loving,71
48303,TX,Lubbock,285760
48305,TX,Lynn,5783
48307,TX,McCulloch,8313
48309,TX,McLennan,238707
48311,TX,McMullen,726
48313,TX,Madison,13677
48315,TX,Marion,10324
48317,TX,Martin,5017
48319,TX,Mason,4003
48321,TX,Matagorda,36547
48323,TX,Maverick,55365
48325,TX,Medina,46765
48327,TX,Menard,2240
48329,TX,Midland,146645
48331,TX,Milam,24157
48333,TX,Mills,4828
48335,TX,Mitchell,9336
48337,TX,Montague,19565
48339,TX,Montgomery,485047
48341,TX,Moore,22313
48343,TX,Morris,12787
48345,TX,Motley,1202
48347,TX,Nacogdoches,66034
48349,TX,Navarro,47979
48351,TX,Newton,14200
48353,TX,Nolan,14924
48355,TX,Nueces,347691
48357,TX,Ochiltree,10728
48359,TX,Oldham,2060
48361,TX,Orange,82977
48363,TX,Palo Pinto,27856
48365,TX,Panola,24020
48367,TX,Parker,119712
48369,TX,Parmer,10183
48371,TX,Pecos,15619
48373,TX,Polk,45656
48375,TX,Potter,122335
48377,TX,Presidio,7525
48379,TX,Rains,10943
48381,TX,Randall,125082
48383,TX,Reagan,3475
48385,TX,Real,3369
48387,TX,Red River,12694
48389,TX,Reeves,13798
48391,TX,Refugio,7259
48393,TX,Roberts,854
48395,TX,Robertson,16545
48397,TX,Rockwall,83021
48399,TX,Runnels,10449
48401,TX,Rusk,54026
48403,TX,Sabine,10433
48405,TX,San Augustine,8818
48407,TX,San Jacinto,27126
48409,TX,San Patricio,65600
48411,TX,San Saba,6002
48413,TX,Schleicher,3264
48415,TX,Scurry,17126
48417,TX,Shackelford,3356
48419,TX,Shelby,26019
48421,TX,Sherman,3073
48423,TX,Smith,214821
48425,TX,Somervell,8598
48427,TX,Starr,61615
48429,TX,Stephens,9464
48431,TX,Sterling,1191
48433,TX,Stonewall,1475
48435,TX,Sutton,3950
48437,TX,Swisher,7891
48439,TX,Tarrant,1880153
48441,TX,Taylor,133473
48443,TX,Terrell,917
48445,TX,Terry,12613
48447,TX,Throckmorton,1601
48449,TX,Titus,32663
48451,TX,Tom Green,113281
48453,TX,Travis,1095584
48455,TX,Trinity,14309
48457,TX,Tyler,21458
48459,TX,Upshur,39995
48461,TX,Upton,3283
48463,TX,Uvalde,26752
48465,TX,Val Verde,48705
48467,TX,Van Zandt,52427
48469,TX,Victoria,89269
48471,TX,Walker,68408
48473,TX,Waller,44357
48475,TX,Ward,10879
48477,TX,Washington,34093
48479,TX,Webb,259172
48481,TX,Wharton,41285
48483,TX,Wheeler,5626
48485,TX,Wichita,131559
48487,TX,Wilbarger,13258
48489,TX,Willacy,22058
48491,TX,Williamson,456232
48493,TX,Wilson,44370
48495,TX,Winkler,7330
48497,TX,Wise,60432
48499,TX,Wood,42022
48501,TX,Yoakum,8075
48503,TX,Young,18339
48505,TX,Zapata,14290
48507,TX,Zavala,11961
49001,UT,Beaver,6501
49003,UT,Box Elder,50171
49005,UT,Cache,115520
49007,UT,Carbon,21246
49009,UT,Daggett,1090
49011,UT,Davis,315809
49013,UT,Duchesne,19244
49015,UT,Emery,10933
49017,UT,Garfield,5095
49019,UT,Grand,9328
49021,UT,Iron,46750
49023,UT,Juab,10341
49025,UT,Kane,7221
49027,UT,Millard,12569
49029,UT,Morgan,9821
49031,UT,Piute,1524
49033,UT,Rich,2267
49035,UT,Salt Lake,1063842
49037,UT,San Juan,14965
49039,UT,Sanpete,27906
49041,UT,Sevier,20784
49043,UT,Summit,38003
49045,UT,Tooele,59870
49047,UT,Uintah,34524
49049,UT,Utah,540504
49051,UT,Wasatch,25273
49053,UT,Washington,144809
49055,UT,Wayne,2737
49057,UT,Weber,236640
50001,VT,Addison,36745
50003,VT,Bennington,36697
50005,VT,Caledonia,31121
50007,VT,Chittenden,158504
50009,VT,Essex,6226
50011,VT,Franklin,48214
50013,VT,Grand Isle,6983
50015,VT,Lamoille,24958
50017,VT,Orange,28924
50019,VT,Orleans,27109
50021,VT,Rutland,60869
50023,VT,Washington,59465
50025,VT,Windham,43985
50027,VT,Windsor,56211
51001,VA,Accomack,33341
51003,VA,Albemarle,102251
51005,VA,Alleghany,16230
51007,VA,Amelia,12759
51009,VA,Amherst,32384
51011,VA,Appomattox,15128
51013,VA,Arlington,221045
51015,VA,Augusta,73658
51017,VA,Bath,4652
51019,VA,Bedford,5964
51021,VA,Bland,6738
51023,VA,Botetourt,33154
51025,VA,Brunswick,17010
51027,VA,Buchanan,23859
51029,VA,Buckingham,17088
51031,VA,Campbell,55163
51033,VA,Caroline,28972
51035,VA,Carroll,29851
51036,VA,Charles City,7157
51037,VA,Charlotte,12404
51041,VA,Chesterfield,323856
51043,VA,Clarke,14323
51045,VA,Craig,5213
51047,VA,Culpeper,47911
51049,VA,Cumberland,9849
51051,VA,Dickenson,15690
51053,VA,Dinwiddie,27994
51057,VA,Essex,11233
51059,VA,Fairfax,23461
51061,VA,Fauquier,66542
51063,VA,Floyd,15390
51065,VA,Fluvanna,25967
51067,VA,Franklin,8528
51069,VA,Frederick,80317
51071,VA,Giles,16928
51073,VA,Gloucester,36886
51075,VA,Goochland,21347
51077,VA,Grayson,15183
51079,VA,Greene,18771
51081,VA,Greensville,11851
51083,VA,Halifax,35849
51085,VA,Hanover,100668
51087,VA,Henrico,314932
51089,VA,Henry,52969
51091,VA,Highland,2245
51093,VA,Isle of Wight,35399
51095,VA,James City,68967
51097,VA,King and Queen,7046
51099,VA,King George,24500
51101,VA,King William,15981
51103,VA,Lancaster,11236
51105,VA,Lee,25474
51107,VA,Loudoun,336898
51109,VA,Louisa,33430
51111,VA,Lunenburg,12588
51113,VA,Madison,13200
51115,VA,Mathews,8884
51117,VA,Mecklenburg,31749
51119,VA,Middlesex,10822
51121,VA,Montgomery,95194
51125,VA,Nelson,14827
51127,VA,New Kent,19169
51131,VA,Northampton,12226
51133,VA,Northumberland,12346
51135,VA,Nottoway,15830
51137,VA,Orange,34246
51139,VA,Page,23895
51141,VA,Patrick,18451
51143,VA,Pittsylvania,62807
51145,VA,Powhatan,28123
51147,VA,Prince Edward,23238
51149,VA,Prince George,36941
51153,VA,Prince William,430289
51155,VA,Pulaski,34736
51157,VA,Rappahannock,7456
51159,VA,Richmond,210309
51161,VA,Roanoke,97469
51163,VA,Rockbridge,22394
51165,VA,Rockingham,77391
51167,VA,Russell,28445
51169,VA,Scott,22781
51171,VA,Shenandoah,42583
51173,VA,Smyth,31718
51175,VA,Southampton,18409
51177,VA,Spotsylvania,125684
51179,VA,Stafford,134352
51181,VA,Surry,6844
51183,VA,Sussex,11972
51185,VA,Tazewell,44268
51187,VA,Warren,38070
51191,VA,Washington,55190
51193,VA,Westmoreland,17524
51195,VA,Wise,40918
51197,VA,Wythe,29251
51199,VA,York,66146
51510,VA,Alexandria,146294
51515,VA,Bedford,69590
51520,VA,Bristol,17662
51530,VA,Buena Vista,6707
51540,VA,Charlottesville,43956
51550,VA,Chesapeake,228417
51570,VA,Colonial Heights,17479
51580,VA,Covington,5771
51590,VA,Danville,42996
51595,VA,Emporia,5740
51600,VA,Fairfax,1118602
51610,VA,Falls Church,13229
51620,VA,Franklin,56411
51630,VA,Fredericksburg,27307
51640,VA,Galax,6908
51650,VA,Hampton,136836
51660,VA,Harrisonburg,50981
51670,VA,Hopewell,22348
51678,VA,Lexington,6998
51680,VA,Lynchburg,77113
51683,VA,Manassas,40605
51685,VA,Manassas Park,15798
51690,VA,Martinsville,13733
51700,VA,Newport News,180726
51710,VA,Norfolk,245782
51720,VA,Norton,4068
51730,VA,Petersburg,31973
51735,VA,Poquoson,12097
51740,VA,Portsmouth,96470
51750,VA,Radford,16685
51760,VA,Richmond,9059
51770,VA,Roanoke,92901
51775,VA,Salem,24970
51790,VA,Staunton,23921
51800,VA,Suffolk,85181
51810,VA,Virginia Beach,447021
51820,VA,Waynesboro,21107
51830,VA,Williamsburg,15167
51840,VA,Winchester,26881
53001,WA,Adams,19005
53003,WA,Asotin,21888
53005,WA,Benton,182398
53007,WA,Chelan,73687
53009,WA,Clallam,71863
53011,WA,Clark,438287
53013,WA,Columbia,3995
53015,WA,Cowlitz,101996
53017,WA,Douglas,39350
53019,WA,Ferry,7705
53021,WA,Franklin,85845
53023,WA,Garfield,2228
53025,WA,Grant,91723
53027,WA,Grays Harbor,71692
53029,WA,Island,79177
53031,WA,Jefferson,29854
53033,WA,King,2007440
53035,WA,Kitsap,254991
53037,WA,Kittitas,41672
53039,WA,Klickitat,20699
53041,WA,Lewis,75621
53043,WA,Lincoln,10437
53045,WA,Mason,60832
53047,WA,Okanogan,41275
53049,WA,Pacific,20575
53051,WA,Pend Oreille,12980
53053,WA,Pierce,811681
53055,WA,San Juan,15824
53057,WA,Skagit,118222
53059,WA,Skamania,11187
53061,WA,Snohomish,733036
53063,WA,Spokane,475735
53065,WA,Stevens,43538
53067,WA,Thurston,258332
53069,WA,Wahkiakum,3993
53071,WA,Walla Walla,59404
53073,WA,Whatcom,205262
53075,WA,Whitman,46606
53077,WA,Yakima,246977
54001,WV,Barbour,16493
54003,WV,Berkeley,107098
54005,WV,Boone,24478
54007,WV,Braxton,14468
54009,WV,Brooke,23853
54011,WV,Cabell,96974
54013,WV,Calhoun,7607
54015,WV,Clay,9297
54017,WV,Doddridge,8178
54019,WV,Fayette,45869
54021,WV,Gilmer,8732
54023,WV,Grant,11816
54025,WV,Greenbrier,35820
54027,WV,Hampshire,23709
54029,WV,Hancock,30305
54031,WV,Hardy,13866
54033,WV,Harrison,69141
54035,WV,Jackson,29234
54037,WV,Jefferson,54504
54039,WV,Kanawha,192179
54041,WV,Lewis,16371
54043,WV,Lincoln,21627
54045,WV,Logan,36168
54047,WV,McDowell,21326
54049,WV,Marion,56678
54051,WV,Marshall,32674
54053,WV,Mason,27179
54055,WV,Mercer,62523
54057,WV,Mineral,27956
54059,WV,Mingo,26103
54061,WV,Monongalia,100332
54063,WV,Monroe,13463
54065,WV,Morgan,17471
54067,WV,Nicholas,26229
54069,WV,Ohio,44075
54071,WV,Pendleton,7566
54073,WV,Pleasants,7595
54075,WV,Pocahontas,8692
54077,WV,Preston,33832
54079,WV,Putnam,56435
54081,WV,Raleigh,79021
54083,WV,Randolph,29384
54085,WV,Ritchie,10236
54087,WV,Roane,14684
54089,WV,Summers,13737
54091,WV,Taylor,16991
54093,WV,Tucker,6995
54095,WV,Tyler,9037
54097,WV,Upshur,24477
54099,WV,Wayne,41649
54101,WV,Webster,9043
54103,WV,Wetzel,16422
54105,WV,Wirt,5847
54107,WV,Wood,86701
54109,WV,Wyoming,23273
55001,WI,Adams,20679
55003,WI,Ashland,15992
55005,WI,Barron,45733
55007,WI,Bayfield,15099
55009,WI,Brown,253032
55011,WI,Buffalo,13333
55013,WI,Burnett,15382
55015,WI,Calumet,49634
55017,WI,Chippewa,62922
55019,WI,Clark,34435
55021,WI,Columbia,56539
55023,WI,Crawford,16560
55025,WI,Dane,503523
55027,WI,Dodge,88415
55029,WI,Door,27817
55031,WI,Douglas,43785
55033,WI,Dunn,44072
55035,WI,Eau Claire,100677
55037,WI,Florence,4482
55039,WI,Fond du Lac,101843
55041,WI,Forest,9206
55043,WI,Grant,51087
55045,WI,Green,36909
55047,WI,Green Lake,19039
55049,WI,Iowa,23807
55051,WI,Iron,5934
55053,WI,Jackson,20485
55055,WI,Jefferson,84498
55057,WI,Juneau,26631
55059,WI,Kenosha,167936
55061,WI,Kewaunee,20624
55063,WI,La Crosse,116461
55065,WI,Lafayette,16853
55067,WI,Langlade,19646
55069,WI,Lincoln,28392
55071,WI,Manitowoc,80671
55073,WI,Marathon,134735
55075,WI,Marinette,41563
55077,WI,Marquette,15205
55078,WI,Menominee,4340
55079,WI,Milwaukee,955205
55081,WI,Monroe,45100
55083,WI,Oconto,37442
55085,WI,Oneida,35714
55087,WI,Outagamie,178816
55089,WI,Ozaukee,86823
55091,WI,Pepin,7390
55093,WI,Pierce,40814
55095,WI,Polk,43610
55097,WI,Portage,70433
55099,WI,Price,13869
55101,WI,Racine,194797
55103,WI,Richland,17818
55105,WI,Rock,160418
55107,WI,Rusk,14316
55109,WI,St. Croix,85242
55111,WI,Sauk,62597
55113,WI,Sawyer,16581
55115,WI,Shawano,41607
55117,WI,Sheboygan,115009
55119,WI,Taylor,20486
55121,WI,Trempealeau,29297
55123,WI,Vernon,30260
55125,WI,Vilas,21338
55127,WI,Walworth,102851
55129,WI,Washburn,15826
55131,WI,Washington,132661
55133,WI,Waukesha,392292
55135,WI,Waupaca,52131
55137,WI,Waushara,24461
55139,WI,Winnebago,168794
55141,WI,Wood,74424
56001,WY,Albany,37276
56003,WY,Big Horn,11794
56005,WY,Campbell,47874
56007,WY,Carbon,15666
56009,WY,Converse,14008
56011,WY,Crook,7155
56013,WY,Fremont,41110
56015,WY,Goshen,13636
56017,WY,Hot Springs,4822
56019,WY,Johnson,8615
56021,WY,Laramie,94483
56023,WY,Lincoln,17961
56025,WY,Natrona,78621
56027,WY,Niobrara,2456
56029,WY,Park,28702
56031,WY,Platte,8756
56033,WY,Sheridan,29596
56035,WY,Sublette,10368
56037,WY,Sweetwater,45267
56039,WY,Teton,21675
56041,WY,Uinta,21025
56043,WY,Washakie,8464
56045,WY,Weston,7082